[{"model": "api.establishment", "pk": 1, "fields": {"title": "Минский государственный колледж цифровых технологий", "short_title": "МГКЦТ", "desc": "Колледж имеет в городе и республике положительный имидж и важно это состояние удержать. Нравственной и мотивационной платформой для этой цели мог стать корпоративный патриотизм педагогов и учащихся, который основан на исторических традициях и заслугах колледжа на протяжении полувека. Поэтому ведение и пополнение портфолио колледжа, которое является ресурсом, отображающим рост учебных и профессиональных достижений всех участников педагогического процесса, стало основой для летописи знаменательных событий колледжа. На представленных страницах вы можете ознакомиться с растущими достижениями нашего колледжа за период более 50 лет.\r\n\r\nВ колледже работали и пока работают значительное количество ветеранов, которые создавали историю колледжа и позитивный имидж учреждения образования. Их отношение к колледжу, к истории его развития служат примером для последующего поколения педагогов. Важно было на них опереться и обеспечить в дальнейшем преемственность поколений, не утратив то хорошее, что уже было и создать такой культурный контекст, в рамках которого педагоги и учащиеся гордились бы своим учреждения образования, его историей, стремились бы приумножить достижения.", "adress": "г. Минск, ул. Казинца, 91", "tel": "+375 17 374 11 62", "mail": "220108, Республика Беларусь, г. Минск, ул. Казинца, 91", "email": "mgke@minskedu.gov.by", "wsite": "https://mgkct.minskedu.gov.by/", "wtel": "https://t.me/mgkelektron", "wvk": null, "winsta": null, "wother": null, "icon": "est/1.gif", "prev": "", "promo_medio": "", "coords": "53.848216, 27.509740", "specialty": [1]}}, {"model": "api.establishment", "pk": 2, "fields": {"title": "Минский государственный колледж ремесленничества и дизайна имени Н.А. Кедышко", "short_title": "МГКРиД", "desc": "Глава администрации Советского района Сергей Хильман 10 ноября вручил благодарственные письма преподавателям и учащимся Минского государственного колледжа ремесленничества и дизайна им. Н. А. Кедышко за активное участие в городских субботниках, передает корреспондент агентства «Минск-Новости».", "adress": "г. Минск, ул. Сурганова, 45/1", "tel": "+375173794355", "mail": "220013,Республика Беларусь, г. Минск, ул. Сурганова, д. 45, к. 1", "email": "ptk-dpi@minskedu.gov.by", "wsite": "https://kedyshko-college.by/", "wtel": "https://t.me/ptkdpi", "wvk": null, "winsta": null, "wother": null, "icon": "est/2.png", "prev": "", "promo_medio": "", "coords": "53.926709, 27.587812", "specialty": []}}, {"model": "api.establishment", "pk": 4, "fields": {"title": "Минский государственный колледж техники и технологий строительства", "short_title": "МГК ТТС", "desc": "Первыми  работниками  училища были: директор – Мингалимов В. М., зам. директора по УПР – Пилеш А.А., зам. директора  по УВР – Домасевич В.В., старший мастер – Кириленко Г.М., преподаватели: Пясецкая А.А., Живица С.С., Сизоненко П.Я., мастера производственного обучения: Лохач Л.В., Шпилевский  В.И., Луценко А.И., Кадюк И.С.\r\n\r\nВ качестве базовых предприятий для прохождения производственной практики были определены: Минское трамвайно-троллейбусное управление и Минский городской ремонтно-строительный трест.\r\n\r\nПервый набор учащихся был осуществлен 2 февраля 1973 года. Зачислено на обучение 67 учащихся по следующим специальностям:\r\n\r\nмаляр, штукатур с 2-х годичным сроком обучения;штукатур со сроком обучения 1 год.\r\nВ 1973 году был произведен первый выпуск по профессии штукатур в количестве 30 человек.\r\n\r\nВ 1974 году училище перешло на подготовку со средним профессионально-техническим образованием, которое учащиеся получали помимо основной специальности.\r\n\r\nПервый набор учащихся с получением среднего образования был из 24 групп по следующим специальностям: каменщик, штукатур, маляр, облицовщик, слесарь-сантехник, электрогазосварщик, слесарь по ремонту подвижного состава, слесарь-электрик по ремонту подвижного состава трамваев, троллейбусов, слесарь-электрик по ремонту тяговых подстанций, плотник-столяр; механик по ремонту вычислительных машин, оператор счетно-вычислительных машин, электромонтер контактной сети.\r\n\r\n        Первый выпуск учащихся, состоялся в 1977 году.\r\n\r\nВ училище занималось 840 учащихся. Ежегодно на 1 курс набирали 210-240 учащихся на базе 8 класса и 180 учащихся на базе 10 класса. Учащиеся находились на полном государственном обеспечении и получали: спецодежду, питание, место в общежитии, а на базе 10 классов – стипендию.\r\n\r\nВ 70-х годах училище вело подготовку рабочих по следующим специальностям: водитель троллейбусов, слесарь по ремонту подвижного состава трамваев и троллейбусов,  электрослесарь, секретарь-референт.\r\n\r\nРешением Минского городского исполнительного комитета от 05.08.2010 № 1838 Минское городское профессионально-техническое училище № 114 было переименовано в учреждение образования «Минский государственный профессиональный лицей № 7 строительства».\r\n\r\nВремя вносит свои коррективы в перечень профессий, востребованных на рынке труда. На 2016/2017 учебный год на основе общего базового образования будет осуществлять набор по следующим специальностям: штукатур, облицовщик-плиточник, изолировщик на термоизоляции, каменщик, столяр, паркетчик, станочник деревообрабатывающих станков, электромеханик по лифтам, электросварщик ручной сварки, цветовод, овощевод; на основе общего среднего образования - штукатур, изолировщик на термоизоляции.\r\n\r\nБазовыми предприятия лицея на сегодняшний день являются ОАО «Минскремстрой», ОАО «Лифтсервис», Коммунальное производственно-торговое унитарное предприятие «ИЗОЛИТКОММУНПРОМ», ОАО «Дорорс», УП «Минский парниково-тепличный комбинат» и УП «Агрокомбинат Ждановичи».\r\n\r\nС 1 сентября 2016 года лицей является ведущим в системе профессионально-технического образования города Минска.", "adress": "г. Минск, ул. Машиностроителей, 24", "tel": "80(17) 361-92-11", "mail": null, "email": "mgk-tts@minskedu.gov.by", "wsite": "http://college.minsk.edu.by/", "wtel": "https://t.me/mgplN7", "wvk": null, "winsta": "https://www.instagram.com/licey7_minsk/", "wother": null, "icon": "est/4.png", "prev": "", "promo_medio": "", "coords": "53.850688, 27.659164", "specialty": [7]}}, {"model": "api.establishment", "pk": 5, "fields": {"title": "Минский государственный колледж сферы обслуживания", "short_title": "МГККСО", "desc": "Учреждение образования «Минский государственный колледж сферы обслуживания»  основано в апреле 1944 года. На современном этапе колледж является гарантом качественной подготовки специалистов для разных сфер экономики столицы.\r\n\r\nВ колледже реализуются образовательные программы среднего специального и профессионально-технического образования. Формирующими авторитетный имидж колледжа являются специальности «Розничные услуги в банке», «Почтовая деятельность», «Финансовая деятельность», «Техническая эксплуатация приборов и аппаратов», «Социальная работа».\r\n\r\nКадровый потенциал учреждения образования, его материально-техническая база, научно-методические ресурсы позволяют обеспечить качественный уровень современного профессионального образования в условиях многопрофильного обучения.\r\n\r\nРезультативность работы педагогического коллектива, высокие отзывы организаций-заказчиков кадров о качестве подготовки специалистов и рабочих, успешная профессиональная деятельность выпускников формируют авторитет и признание МГКСО в сфере современного профессионального образования.", "adress": "г. Минск, ул Семашко, 7", "tel": "8 0 (17) 319-73-99", "mail": null, "email": "kso@minskedu.gov.by", "wsite": "http://kso.minsk.edu.by", "wtel": null, "wvk": null, "winsta": null, "wother": null, "icon": "est/c67c9e05e84c4b1282c39873e8d72bb7.jpg", "prev": "", "promo_medio": "", "coords": "53.860115, 27.499102", "specialty": [1, 2, 3, 4, 5, 6, 7]}}, {"model": "api.establishment", "pk": 6, "fields": {"title": "Минский государственный механико-технологический колледж", "short_title": "МГМТК", "desc": "О колледже\r\n\r\nВ истории колледжа, как в капельке воды, отражена история нашей страны, история района,  города.\r\n\r\nВ пятидесятые годы –  такие  далёкие, и такие близкие –  родилось наше учебное заведение. Во время восстановления страны после большой трагедии – Великой Отечественной войны, когда в сердцах резались болью воспоминания  страшных и ужасающих событий, когда  боль,  утрата и многочисленные людские  потери ещё не осознавались, на пустыре, оставленном войной, началось возрождение белорусской столицы, восстановление разрушенной экономики. Стремительным темпом шло развитие сельского хозяйства, тяжёлой промышленности. В эти годы в Республике бурно развивается промышленность, в   том числе мясная. Минский мясокомбинат остро нуждается в квалифицированных кадрах.\r\n\r\nПриказом № 70 от 05.09.1955 г. Главного управления  мясной промышленности Министерства мясных и молочных продуктов БССР для подготовки рабочих кадров  мясной промышленности была создана школа ФЗО при Минском мясокомбинате.  Школа располагалась в здании Главка мясной промышленности Министерства промышленности мясных и молочных продуктов по ул. Маяковского, 5 и имела всего три учебных класса: машинистов холодильных установок, анатомии и спецтехнологии, а также учительскую, бухгалтерию и кабинет директора. Производственной базой школы являлся Минский мясокомбинат.\r\n\r\nУчебные занятия начались 1 марта 1956 года.\r\n\r\nПервый набор состоял из 70 учащихся трёх групп: две группы бойцов скота и обвальщиков мяса (48 человек) и одна группа рабочих-бригадиров по выращиванию и переработке птицы (22 человека).\r\n\r\nДалее приказом Министерства образования БССР № 337 от 06.06.1962 г. школа ФЗО рабочих мясомолочной промышленности была преобразована в городское профессионально-техническое училище № 38 пищевиков.\r\n\r\nС развитием производства по переработке мяса и мясопродуктов потребность в рабочих в этой отрасли увеличилась. В 1970 году в училище уже обучалось 389 учащихся.\r\n\r\nПомещение училища не могло вместить всех учащихся и решением Министерства образования БССР с 01.09.1970 г. ГПТУ № 38 было предоставлено здание по ул. Казинца, 8.\r\n\r\nКаждый год набор учащихся увеличивался, открывались новые специальности: электрик-ремонтник, наладчик технологического оборудования, обжарщик колбасных изделий, аппаратчик производства пищевых жиров, аппаратчик производства антибиотиков, появились группы вечернего обучения по специальности машинист холодильных установок.\r\n\r\nС 1976 года в училище стали осуществляться наборы для учащихся с базовым образованием для получения среднего.  Контингент  достигал более 1000 человек.\r\n\r\nВ 1977 году было введено в строй общежитие для учащихся на 450 койко-мест.\r\n\r\nПриказом  Комитета по образованию Минского Городского исполнительного комитета № 293-ОС от 12.08.2010 МГПТУ № 38 переименовано в учреждение образования «Минский государственный профессиональный лицей № 8 перерабатывающей промышленности», где продолжаются стремительными темпами подготавливаться  рабочие кадры для перерабатывающей, мясомолочной промышленности, рыбного хозяйства, продовольственных служб, управления потребительского рынка Мингорисполкома, а также предприятий фармацевтической отрасли, общественного питания различных форм собственности.\r\n\r\nВ это время педколлектив лицея постоянно поддерживает связи с родственными учебными заведениями в России, Украине, Литве, Молдове, Латвии, Германии. Обменивается опытом работы, вырабатывает совместные проекты и учебные планы подготовки учащихся.\r\n\r\nРешением Мингорисполкома «О переименовании учреждения образования» № 1242 от 15.05.2014 «Минский государственный профессиональный лицей № 8 перерабатывающей промышленности» с 1 июля 2014г. переименован в «Минский государственный механико-технологический профессионально-технический колледж».\r\n\r\nВремя вносит свои коррективы и в перечень профессий, востребованных на рынке труда. Мы предлагаем обучение по 12 квалификациям. А такие редкие для Республики Беларусь специальности как Техническая эксплуатация оборудования пищевых производств, Техническая эксплуатация оборудования, Производство медикаментов, витаминов и препаратов биосинтеза, Мехатроника (холодильное оборудование) можно получить только в Минском государственном механико-технологическом профессионально-техническом колледже.\r\n\r\nРядом с нами, рука об руку, на протяжении долгих лет идут социальные партнеры, которые оказывают нам всевозможную поддержку, сотрудничество: Открытое акционерное общество «Минский Мясокомбинат», Республиканское унитарное предприятие Белмедпрепараты, Республиканское производственное унитарное предприятие \"АКАДЕМФАРМ\", Общество с ограниченной ответственностью «Фармтехнология», Открытое акционерное общество «Интеграл», Закрытое акционерное общество «Атлант», Общество с ограниченной ответственностью «Табак-инвест», Ассоциация предприятий индустрии  микроклимата и холода, Закрытое акционерное общество «Холодон», Коммунально-производственное унитарное предприятие «Минскхлебпром», Открытое акционерное общество \"Бизон, Общество с ограниченной ответственностью \"Славпродсервис», Общество с ограниченной ответственностью \"Лименс\", Иностранное  общество с ограниченной ответственностью «Гостиница «Пекин – Минск», Учреждения образования «Белорусский национальный технический университет»,;\r\n\r\nзарубежные партнёры:   Каунасская школа пищевой промышленности, Вильнюсская школа автомеханики и бизнеса, Утянский региональный центр профессионального обучения, Московский образовательный комплекс имени В.Талалихина, Киевское областное высшее профессиональное училище пищевых технологий и ресторанного сервиса.\r\n\r\nОбразовательный процесс в колледже представлен  не только учебной деятельностью, но и воспитательной работой в урочное и внеурочное  время.\r\n\r\nДействуют спортивные секции и объединения по интересам. Наши учащиеся воспитываются всесторонне развитыми личностями.\r\n\r\nИз года в год наши воспитанники принимают участие  в городских, районных  конкурсах, мероприятиях, соревнованиях. Неоднократно награждались дипломами,   грамотами, ценными призами.\r\n\r\nВсе старания педагогов и администрации  направлены на сплочение ученического коллектива и воспитание  добросовестного, доброго, отзывчивого, профессионального   подрастающего поколения.  Поэтому каждое достижение, полученное нашими учащимися – это гордость за воспитанников, это подтверждение правильной и сплоченной работы всего коллектива учебного заведения.", "adress": "г. Минск, ул. Казинца, 8", "tel": "80(17) 373 40 16", "mail": null, "email": "mtk@minskedu.gov.by", "wsite": "http://mtk.minsk.edu.by/", "wtel": null, "wvk": null, "winsta": null, "wother": null, "icon": "est/434c9f92049246f3b11e3a939ec5e6c4.jpg", "prev": "", "promo_medio": "", "coords": "53.864593, 27.522062", "specialty": []}}, {"model": "api.establishment", "pk": 7, "fields": {"title": "Минский государственный колледж сервиса и технологий", "short_title": "МГК сервиса и технологий", "desc": "Профессионально-техническое образование\r\nДневная форма получения образования\r\n\r\nНа основе общего базового образования\r\nс получением общего среднего образования\r\n\r\nСрок обучения – 3 года. Парикмахер; визажист. Парикмахер; агент реккламный. Парикмахер; мастер по педикюру. Швея; мастер по маникюру. Швея; оператор прачечного оборудования. Сборщик обуви; мастер по маникюру. \r\n\r\n \r\n\r\nНа основе общего среднего образования\r\n\r\nСрок обучения – 1 год. Парикмахер.\r\n\r\nСрок обучения –  8 месяцев. Мастер по маникюру.. \r\n\r\nКонкурсный отбор осуществляется на основании среднего балла документа об образовании.", "adress": "г. Минск ул. Казинца, 89", "tel": "+375 17 365-09-21", "mail": "ptk-lpbon@minsk.edu.by", "email": "ptk-lpbon@minsk.edu.by", "wsite": "http://ptk-lpbon.minsk.edu.by/ru/main.aspx?guid=1081", "wtel": "https://t.me/mgptk_lpibon", "wvk": "https://vk.com/publicmgptklpbon", "winsta": "https://www.instagram.com/bon_college/?igshid=YmMyMTA2M2Y", "wother": null, "icon": "est/ad7abfd5540346f188c9e20222146033.png", "prev": "", "promo_medio": "", "coords": "53.848701, 27.510645", "specialty": []}}, {"model": "api.establishment", "pk": 8, "fields": {"title": "Минский государственный колледж торговли и коммерции", "short_title": "МГК торговли и коммерции", "desc": "Образовательный процесс в колледже осуществляется на базе двух корпусов (ул. Ботаническая,13 и ул. Долгобродская,13) в современно оборудованных учебных кабинетах. Имеются лаборатории торгового оборудования, лайтборд-кабинет, компьютерные классы, спортивный и хореографический залы, методический кабинет, кабинеты социально-педагогической и психологической службы.\r\n\r\nПроизводственное обучение проводится в учебных классах, созданных на базах современных торговых предприятий города Минска: Торгового коммунального унитарного предприятия «Универмаг Беларусь» «Торговый дом «На Немиге», ОАО «ГУМ», ОАО «ЦУМ Минск», УП «Кирмаш», сети магазинов  «ГИППО», «Соседи» и «Санта».\r\n\r\nВо время производственного обучения, технологической и преддипломной практики на ведущих торговых предприятиях города учащиеся зачисляются на вакантные должности специалистов с выплатой им материального вознаграждения.\r\n\r\nПо окончании колледжа выпускникам гарантируется предоставление первого рабочего места на предприятиях торговли г. Минска.\r\n\r\nВыпускники колледжа имеют возможность продолжить обучение в Белорусском государственном экономическом университете, Институте предпринимательской деятельности и др., в том числе в  сокращенный срок.\r\n\r\nВ колледже созданы условия для развития творческого потенциала личности. Организована работа молодёжного творческого центра «Радуга талантов», который объединяет деятельность кружков, клубов и студий по различным направлениям художественного и декоративно-прикладного творчества. Это ансамбли народного и эстрадного танцев, вокальная студия, джаз-бэнд, клубы «Мужество» и «Мы- дети Земли», волонтерский клуб «Прометей», студии изобразительного искусства «Скетчинг» «Магия творчества», дизайна.\r\n\r\nНа формирование устойчивых навыков ЗОЖ направлена работа спортивных секций по волейболу, баскетболу, настольному теннису, многоборью и пешеходному туризму.", "adress": "г. Минск, ул. Ботаническая, 13", "tel": "(8017) 373 64 72", "mail": "(8017) 373 64 72", "email": "mgk-torg@minskedu.gov.by", "wsite": "http://ptkt.minsk.edu.by", "wtel": null, "wvk": null, "winsta": null, "wother": null, "icon": "est/7b9a7cbcea8b48718010c654a7529c5b.png", "prev": "", "promo_medio": "", "coords": "53.906947, 27.603522", "specialty": []}}, {"model": "api.establishment", "pk": 9, "fields": {"title": "Минский государственный государственный колледж автомобилестроения", "short_title": "МГКА", "desc": "Первичная профсоюзная организация\r\n\r\nучреждения образования «Минский государственный колледж автомобилестроения»\r\n\r\nБелорусского профессионального союза работников образования и науки\r\n\r\nПервичная профсоюзная организация учреждения образования «Минский государственный колледж автомобилестроения» Белорусского профессионального союза работников образования и науки – это 696 членов профсоюза. Охват профсоюзным членством составляет 96,5 %.\r\n\r\nПриоритетные направления работы первичной профсоюзной организации учреждения образования «Минский государственный колледж автомобилестроения» Белорусского профсоюза работников образования и науки это:\r\n\r\n    Защита трудовых прав и социально-экономических интересов трудящихся.\r\n    Охрана труда и здоровья, обеспечение безопасных условий труда.\r\n    Развитие и укрепление социального партнерства.\r\n    Оказание материальной помощи.\r\n    Организация досуга.\r\n    Формирование здорового образа жизни.\r\n\r\nЦелями первичной профсоюзной организации учреждения образования «Минский государственный колледж автомобилестроения» Белорусского профессионального союза работников образования и науки являются:\r\n\r\n    реализация уставных задач Профсоюза по представительству и защите социально-трудовых прав и профессиональных интересов членов Профсоюза;\r\n    общественный контроль за соблюдением законодательства о труде и охране труда;\r\n    улучшение материального положения, укрепления здоровья и повышения жизненного уровня членов Профсоюза;\r\n    информационное обеспечение членов Профсоюза, разъяснение мер, принимаемых Профсоюзом по реализации уставных целей и задач;\r\n    организация приёма в Профсоюз и учёт членов Профсоюза, осуществление организационных мероприятий по повышению мотивации профсоюзного членства;\r\n    создание условий, обеспечивающих вовлечение членов Профсоюза в профсоюзную работу.\r\n\r\nДля достижения уставных целей профсоюзная организация:\r\n\r\n    ведёт переговоры с администрацией колледжа;\r\n    заключает от имени членов профсоюза коллективный договор с администрацией и способствует его реализации;\r\n    оказывает юридическую, материальную помощь членам профсоюза;\r\n    осуществляет общественный контроль за соблюдением трудового законодательства, правил и норм охраны труда в отношении членов профсоюза;\r\n    представляет интересы членов Профсоюза (по их поручению) при рассмотрении индивидуальных трудовых споров;\r\n    участвует в урегулировании коллективных трудовых споров (конфликтов) в соответствии с действующим законодательством РБ;\r\n    по поручению членов Профсоюза, а также по собственной инициативе, обращается с заявлением в защиту их трудовых прав в органы, рассматривающие трудовые споры;\r\n    участвует в избирательных компаниях в соответствии с федеральным и местным законодательством о выборах;\r\n    доводит до сведения членов Профсоюза решения выборных органов, вышестоящих организаций Профсоюза;\r\n    содействует охране здоровья, созданию здоровых и безопасных условий труда, обучению членов Профсоюза;\r\nВ центре внимания организации профсоюза был и остается человек, педагог интеллектуального труда, воспитатель и вдохновитель молодого поколения, представители которого станут завтра руководителями, депутатами, специалистами различных отраслей деятельности.\r\n\r\nСоциальное партнерство между администрацией и профсоюзным комитетом – залог творчества в педагогическом труде и организации отдыха и досуга работников колледжа.\r\n\r\nВ коллективе к заключению и соблюдению Коллективного договора относятся с большой ответственностью. Дважды в год на собраниях трудового коллектива рассматривается и обсуждается вопрос о выполнении Коллективного договора. Работники лицея самым активным образом принимают участие в профсоюзной жизни коллектива.\r\n\r\nОсобое внимание профсоюз уделяет формированию у членов потребности в здоровом образе жизни, продлению их активной трудовой и творческой деятельности; культурному содержательному досугу.\r\n\r\nЭти мероприятия – индикаторы морального климата в коллективе. Профсоюзный комитет совместно с администрацией большое внимание уделяют климату в коллективе, увлекая в коллективные мероприятия всех членов профсоюза.", "adress": "г. Минск, ул. Социалистическая улица, 9/1", "tel": "+375 17 272-21-95", "mail": null, "email": "mgk-avto@minskedu.gov.by", "wsite": "http://licey9.minsk.edu.by/", "wtel": "https://t.me/mgpl9", "wvk": "https://vk.com/public203828956", "winsta": null, "wother": null, "icon": "est/9.png", "prev": "", "promo_medio": "", "coords": "53.862860, 27.658708", "specialty": []}}, {"model": "api.establishment", "pk": 11, "fields": {"title": "Минский городской педагогический колледж", "short_title": "МГКПК", "desc": "О колледже\r\n\r\n Учреждение создано на основании решения Минского городского исполнительного комитета № 632 от 10 марта 2016 г. «О создании государственного учреждения образования» как учреждение образования в системе среднего специального образования и обеспечивает получение общего среднего и среднего специального образования.\r\n\r\n  Учредителем учреждения образования является Минский городской исполнительный комитет в лице Комитета по образованию Мингорисполкома.\r\n\r\n  Учреждение образования осуществляет свою деятельность в соответствии с Кодексом Республики Беларусь об образовании, Положением об учреждении среднего специального образования, иными актами законодательства.\r\n\r\n Колледж создан с целью удовлетворения возрастающей потребности учреждений дошкольного и начального школьного образования столичного региона в специалистах, способных реализовывать кроме основной профессиональной деятельности, требования, предъявляемые к педагогическим работникам в современных социально-экономических условиях (консалтинговые, сервисные, аутосорсинговые).\r\n\r\n Динамика роста количества детей дошкольного и младшего школьного возраста свидетельствует о потребности общества в оказании родителям с детьми данного возраста качественных образовательных услуг, что позволяет сделать вывод о перспективе развития на базе педагогического колледжа обширного перечня образовательных услуг.\r\n\r\n  Целью деятельности ГУО «Минский городской педагогический колледж» является: подготовка конкурентоспособных практико-ориентированных специалистов по воспитанию детей дошкольного и младшего школьного возраста в рамках компетентностного подхода.\r\n\r\nДанная цель реализуется через решение следующих задач:\r\n\r\n    Разработка и внедрение современных моделей подготовки квалифицированных кадров для обеспечения доступности качественного дошкольного и начального школьного образования.\r\n    Включение в образовательный процесс ученых-создателей и представителей ведущих научных школ, сотрудников органов управления и бизнеса.\r\n    Обеспечение открытости колледжа на основе взаимодействия со стратегическими партнерами, а также с заказчиками кадров.\r\n    Разработка и применение инноваций с широким использованием современных информационных систем.", "adress": "г. Минск, ул. Макаёнка, 29", "tel": "80(17) 369-31-96", "mail": null, "email": "pedkol@minskedu.gov.by", "wsite": "http://pedkol.minsk.edu.by", "wtel": null, "wvk": null, "winsta": null, "wother": null, "icon": "est/e0322d3f301240d69b9d2406ad24945d.png", "prev": "", "promo_medio": "", "coords": "53.916231, 27.619726", "specialty": []}}, {"model": "api.establishment", "pk": 12, "fields": {"title": "Минский государственный колледж монтажных технологий и транспортной логистики", "short_title": "МГПТК монтажных и подъёмно-транспор", "desc": "Профессионально-техническое образование\r\nДневная форма получения образования\r\n\r\nНа основе общего базового образования\r\nс получением общего среднего образования\r\n\r\nСрок обучения – 3 года.  Монтажник наружных трубопроводов; электрогазосварщик; водитель автомобиля категории «С». Слесарь по ремонту автомобилей; слесарь по обслуживанию тепловых сетей; слесарь по ремонту оборудования котельных и пылеприготовительных цехов. Монтажник технологического оборудования и связанных с ним конструкций, электрогазосварщик. Слесарь по ремонту автомобилей; электромонтёр по ремонту и обслуживанию электрооборудования. Электромонтер по ремонту и обслуживанию электрооборудования; электромонтажник по электрооборудованию, силовым и осветительным сетям. Водитель автомобиля категории «С» (международные перевозки); слесарь по ремонту автомобилей; слесарь механосборочных работ. Машинист крана автомобильного; стропальщик; водитель автомобиля категории «С». \r\n\r\n \r\n\r\nНа основе общего среднего образования\r\n\r\nСрок обучения – 1 год 6 месяцев. Электромонтёр по ремонту и обслуживанию электрооборудования; электромонтажник по электрооборудованию, силовым и осветительным сетям. Водитель автомобиля категории «С» (международные перевозки); слесарь по ремонту автомобилей; слесарь механосборочных работ. \r\n\r\n \r\n\r\nКонкурсный отбор осуществляется на основании среднего балла документа об образовании.", "adress": "г. Минск, ул. Буденного, 8", "tel": "+375 17 235-30-06", "mail": "220070", "email": "ptk-mpt@minskedu.gov.by", "wsite": "http://ptk-mpt.minsk.edu.by", "wtel": null, "wvk": null, "winsta": null, "wother": null, "icon": "est/0395b4d09eca46f4939e65a353af16e8.png", "prev": "", "promo_medio": "", "coords": "53.882619, 27.610762", "specialty": []}}, {"model": "api.establishment", "pk": 13, "fields": {"title": "Минский государственный колледж полиграфии имени В.З. Хоружей", "short_title": "Колледж полиграфии", "desc": "Профессионально-техническое образование\r\nДневная форма получения образования\r\n\r\nНа основе общего базового образования\r\n\r\nс получением общего среднего образования\r\n\r\nСрок обучения – 3 года. Печатник плоской печати; печатник флексографской печати. Контролер-кассир (контролер); продавец (книжных товаров). Оператор электронного набора и вёрстки; переплетчик. Оператор цифровой печати; переплетчик.\r\n\r\n\r\nКонкурсный отбор осуществляется на основании среднего балла документа об образовании.", "adress": "г. Минск, ул. В. Хоружей, 7", "tel": "242-45-02", "mail": "220005", "email": "colpol@minskedu.gov.by", "wsite": "http://ptk-pol.minsk.edu.by", "wtel": null, "wvk": null, "winsta": null, "wother": null, "icon": "est/03850ad38a3d45a5a1cbc33841df5628.png", "prev": "", "promo_medio": "", "coords": "53.917989, 27.577462", "specialty": []}}, {"model": "api.establishment", "pk": 14, "fields": {"title": "Минский государственный колледж железнодорожного транспорта имени Е.П. Юшкевича", "short_title": "МГКЖД", "desc": "История нашего колледжа берет свое начало 23 ноября 1922 года  с создания на базе мастерских «Пламя революции» Минской школы ученичества Московско-Белорусско-Балтийской железной дороги. \r\nВпоследствии школа была преобразована в фабрично-заводское училище железнодорожников, а в 1940 училище было передано в систему Государственных трудовых резервов и стало называться железнодорожным училищем № 1.\r\n\r\nВ годы Великой Отечественной войны училище находилось в эвакуации на станции Бузулук Оренбургской железной дороги. \r\nВ послевоенные годы железнодорожное училище № 1 города Минска базировалось в двухэтажном здании на улице Железнодорожной, напротив Минского вагоноремонтного завода имени А.Ф.Мясникова.\r\n\r\nВ 1963 году после преобразования системы Государственных трудовых резервов в систему профессионально-технического образования, железнодорожное училище  было преобразовано в городское профессионально-техническое училище № 34 города Минска. \r\n\r\nВ 1984 учебное заведение было переименовано в среднее профессионально-техническое училище № 103 города Минска.\r\nВ 1992-2000 на базе училища работал железнодорожный факультет Института современных знаний, где готовили экономистов-менеджеров для Белорусской железной дороги.\r\n\r\nВ 1997 в училище было создано отделение среднего специального образования, а в 2001 оно было преобразовано в колледж. \r\n\r\nС 2004 Минский государственный профессионально-технический колледж железнодорожного транспорта носит имя бывшего начальника Белорусской железной дороги Евгения Павловича Юшкевича.\r\n\r\n23 ноября 2022 учреждению образования \"Минский государственный профессионально-технический колледж железнодорожного транспорта имени Е.П.Юшкевича\" исполнится 100 лет.", "adress": "г. Минск, ул. Семашко, 3", "tel": "8-0(17) 357-11-08", "mail": null, "email": "rwcollege@minskedu.gov.by", "wsite": "http://ptk-zht.minsk.edu.by/main.aspx?guid=1041", "wtel": null, "wvk": null, "winsta": null, "wother": null, "icon": "est/c1c9bc69155044d4ba005b2b905b9d89.gif", "prev": "", "promo_medio": "", "coords": "53.861555, 27.498738", "specialty": []}}, {"model": "api.establishment", "pk": 15, "fields": {"title": "Минский государственный колледж индустрии моды", "short_title": "МГК индустрии моды", "desc": "Современное оборудование учебных мастерских позволяет качественно организовать процесс обучения и осуществлять подготовку квалифицированных рабочих и специалистов для работы на производстве. Колледж оснащен современными швейными универсальными и специальными машинами и полуавтоматами; автоматическое вышивальное оборудование дает возможность не только выполнять авторскую вышивку на изделиях домашнего текстиля и одежде, но и получить навыки работы с компьютерными программами создания узоров.", "adress": "г. Минск, 2-ой пер. Р.Люксембург, 7", "tel": "8-017-243-57-32", "mail": "8-017-243-57-32", "email": "ptkshp@minsk.edu.by", "wsite": "http://ptkshp.minsk.edu.by/", "wtel": "https://t.me/brsm_mgkim", "wvk": "https://www.instagram.com/mgkim_2022", "winsta": "https://vk.com/ptkshp", "wother": null, "icon": "est/15.png", "prev": "", "promo_medio": "", "coords": "53.895519, 27.527138", "specialty": []}}, {"model": "api.establishment", "pk": 16, "fields": {"title": "Минский государственный колледж кулинарии", "short_title": "Мгптк кулинарии", "desc": "Добро пожаловать в «Минский государственный  колледж кулинарии» - лучшее учреж­дение образования города Минска для получения профессии повара, кондитера, официанта, бармена.\r\nПоступив в наше учреждение образования, вы попадете в атмосферу творчества и доверия. Вот уже на протяжении десятков лет здесь тру­дятся целеустремленные, опытные педагоги, которые постоянно повышают свой профес­сиональный уровень и готовы передать свой богатый опыт учащимся.\r\n\r\nСегодня колледж выпускает высококвалифи­цированных сотрудников  отрасли общественного питания, поэтому они явля­ются конкурентоспособными на рынке труда. Многие из выпускников  достигли значительных успехов и занимают руководящие должности на торговых объектах общественного питания  столицы.", "adress": "г. Минск, пр-т Партизанский, 70А", "tel": "8-0(17)272-92-03", "mail": null, "email": "ptk-kulinarii@minsk.edu.by", "wsite": "http://ptk-kulinarii.minsk.edu.by", "wtel": null, "wvk": null, "winsta": null, "wother": null, "icon": "est/dbacfb74289146ba95a8e5ac68140c8e.png", "prev": "", "promo_medio": "", "coords": "53.871621, 27.639661", "specialty": []}}, {"model": "api.establishment", "pk": 17, "fields": {"title": "Минский государственный колледж строительства  имени В.Г. Каменского", "short_title": "Колледж строителей", "desc": "Профессионально-техническое образование\r\n\r\nДневная форма получения образования\r\n\r\nНа основе общего базового образования\r\n\r\nс получением общего среднего образования\r\n\r\nСрок обучения – 3 года. Облицовщик-плиточник; штукатур; маляр (строительный). Облицовщик-плиточник; штукатур; монтажник каркасно-обшивных конструкций сухого строительства. Облицовщик-плиточник; штукатур; каменщик. Электросварщик ручной сварки; монтажник санитарно-технических систем и оборудования; слесарь-сантехник. Электросварщик ручной сварки; монтажник санитарно-технических систем и оборудования; слесарь строительный. Электросварщик ручной сварки; каменщик; монтажник строительных конструкций. Столяр; плотник; укладчик напольных покрытий. Столяр; плотник; кровельщик по рулонным кровлям и по кровлям из штучных материалов\r\n\r\n \r\n\r\nНа основе общего среднего образования\r\n\r\nСрок обучения – 1 год. Штукатур; облицовщик-плиточник. Штукатур; маляр.\r\n\r\n\r\nКонкурсный отбор осуществляется:\r\n\r\n по профессиям «Плотник», «Столяр», «Резчик по дереву и бересте» – на основе общей суммы баллов, подсчитанной по результатам сдачи вступительного испытания по специальности и среднего балла документа об образовании;\r\n по остальным профессиям – на основании среднего балла документа об образовании.", "adress": "г. Минск, ул. Гебелева, 5/1", "tel": "+375 (17) 367-45-50", "mail": "220090", "email": "mgks@minskedu.gov.by", "wsite": "https://mgksk.by/ru", "wtel": null, "wvk": null, "winsta": null, "wother": null, "icon": "est/84203442ba294c21bb198d0a840e676d.png", "prev": "", "promo_medio": "", "coords": "53.899838, 27.540828", "specialty": []}}, {"model": "api.establishment", "pk": 18, "fields": {"title": "Минский государственный колледж легкой промышленности и комплексной логистики", "short_title": "МГКЛП", "desc": "Налажены и развиваются двухсторонние связи с Государственным бюджетным образовательным учреждением среднего профессионального образования города Москвы «Технологический колледж №21».\r\n\r\n    На базе учебного корпуса №2 по ул. Рыбалко, 6 организована деятельность отделения по профессиональной подготовке школьников Ленинского района по 12 рабочим профессиям.\r\n\r\n    Учебное заведение – это, прежде всего люди, их профессионализм и творчество. Свой опыт молодым мастерам и преподавателям передают ветераны колледжа:  Бугровец Н.И., Федоренчик А.П., Грицук А.Н., Гладкая О.В., Панова Т.Г. и другие.\r\n\r\n        Коллектив нашего колледжа принимает активное участие в различных районных и городских мероприятиях, олимпиадах, научно-практических конференциях, творческих конкурсах, спортивных соревнованиях и туристических слётах.\r\n\r\n      В колледже успешно работает театр моды «Новый взгляд» и вокальный кружок «Star», а также большое количество кружков и объединений по интересам декоративно-прикладного и специального профиля, спортивные секции.", "adress": "г. Минск, ул. Маяковского, 123", "tel": "(017) 342-37-10", "mail": "(017) 342-37-10", "email": "ptk-logist@minsk.edu.by", "wsite": "http://ptk-logist.minsk.edu.by/", "wtel": "https://t.me/mgptk_logist_bot", "wvk": null, "winsta": null, "wother": null, "icon": "est/35e46c699e1f44e7b593ba18261361cd.png", "prev": "", "promo_medio": "", "coords": "53.861002, 27.573446", "specialty": []}}, {"model": "api.establishment", "pk": 19, "fields": {"title": "Минский государственный колледж технологий коммунального хозяйства и транспортного обслуживания", "short_title": "МГККТХиТО", "desc": "Профессионально-техническое образование\r\nДневная форма получения образования\r\n\r\nНа основе общего базового образования\r\nс получением общего среднего образования\r\n\r\nСрок обучения – 3 года. Электросварщик на автоматических и полуавтоматических машинах; электромонтёр по ремонту и обслуживанию электрооборудования. Электрогазосварщик; электросварщик на автоматических и полуавтоматических машинах. Электрогазосварщик; монтажник наружных трубопроводов. Слесарь по обслуживанию и ремонту газоиспользующего оборудования; монтажник санитарно-технических систем и оборудования. Слесарь по обслуживанию и ремонту газоиспользующего оборудования; монтажник санитарно-технических систем и оборудования; водитель автомобиля. Облицовщик-плиточник; штукатур; маляр. Штукатур; маляр; формовщик изделий и конструкций. Тракторист-машинист сельскохозяйственного производства категории «С»; машинист экскаватора;слесарь по ремонту дорожно-строительных машин и тракторов. Водитель автомобиля; слесарь по ремонту автомобилей. Электромонтёр по ремонту и обслуживанию электрооборудования; электромонтажник по электрооборудованию, силовым и осветительным сетям. Станочник деревообрабатывающих станков; обойщик мебели; столяр.\r\n\r\n \r\n\r\nНа основе общего среднего образования\r\n\r\nСрок обучения – 1 год. Слесарь по ремонту автомобилей;  водитель автомобиля категории «С». Электромонтёр по ремонту и обслуживанию электрооборудования.\r\n\r\nКонкурсный отбор осуществляется:\r\n\r\n по профессиям «Столяр», «Резчик по дереву и бересте» – на основании общей суммы баллов, подсчитанной по результатам сдачи вступительного испытания по специальности и среднего балла документа об образовании;\r\n по остальным профессиям – на основании среднего балла документа об образовании.\r\n \r\n\r\nЛицей располагает общежитием.", "adress": "г. Минск, ул. Ваупшасова, 19", "tel": "(017) 356-41-62", "mail": "ptk-skh@minsk.edu.by", "email": "ptk-skh@minsk.edu.by", "wsite": "http://ptk-skh.minsk.edu.by", "wtel": null, "wvk": null, "winsta": null, "wother": null, "icon": "est/a1436bd30e834b5397f85e998842eb5b.png", "prev": "", "promo_medio": "", "coords": "53.898973, 27.653271", "specialty": []}}, {"model": "api.establishment", "pk": 20, "fields": {"title": "Минский государственный колледж технологий машиностроения", "short_title": "МГКТМ", "desc": "Дневная форма получения образования\r\n\r\nНа основе общего базового образования\r\n\r\nс получением общего среднего образования\r\n\r\nСрок обучения – 3 года. Электромонтер по ремонту и обслуживанию электрооборудования;  слесарь-ремонтник. Токарь; слесарь по ремонту автомобилей. Фрезеровщик; слесарь по ремонту автомобилей. Контролер станочных и слесарных работ; оператор станков с программным управлением; шлифовщик. Слесарь механосборочных работ; слесарь-инструментальщик; слесарь-сборщик бытовой техники.  Электросварщик ручной сварки; электросварщик на автоматических и полуавтоматических машинах; кузовщик. Слесарь-ремонтник; слесарь-инструментальщик; слесарь по ремонту автомобилей. \r\n\r\n   \r\n\r\nНа основе общего среднего образования\r\n\r\nСрок обучения – 1 год 6 месяцев. Слесарь-сборщик бытовой техники. Шлифовщик. \r\n\r\n \r\n\r\nКонкурсный отбор осуществляется на основании среднего балла документа об образовании.\r\n\r\n \r\n\r\nЛицей общежитием не располагает.", "adress": "г. Минск, ул. Холмогорская, 63", "tel": "8 (017)324-55-61", "mail": "220070", "email": "mgk-tm@minskedu.gov.by", "wsite": "http://mgk-tm.minsk.edu.by/", "wtel": null, "wvk": "https://vk.com/public119049070", "winsta": null, "wother": null, "icon": "est/017db848c22241179d81af3256af4f48.png", "prev": "", "promo_medio": "", "coords": "53.892474, 27.651061", "specialty": []}}, {"model": "api.establishment", "pk": 21, "fields": {"title": "Минский государственный колледж инновационных строительных технологий имени И.М.Жижеля", "short_title": "МГКИСТ", "desc": "Дневная форма получения образования\r\n\r\nНа основе общего базового образования\r\n\r\nс получением общего среднего образования\r\n\r\nСрок обучения – 3 года. Штукатур; маляр строительный. Штукатур; облицовщик-плиточник. Плотник-бетонщик; станочник деревообрабатывающих станков. Мостовщик; облицовщик-плиточник. Дорожный рабочий; электрогазосварщик. Столяр; плотник; станочник деревообрабатывающих станков. Электромонтажник по электрооборудованию, силовым и осветительным сетям.; электромонтер по ремонту и обслуживанию электрооборудования. Электромонтер по ремонту и обслуживанию электрооборудования; электромонтер охранно-пожарной сигнализации. Каменщик; печник. Каменщик; электрогазосварщик. Монтажник санитарно-технических систем и оборудования; электрогазосварщик. \r\n\r\n \r\n\r\nНа основе общего среднего образования\r\n\r\nСрок обучения – 1 год. Электромонтер охранно-пожарной сигнализации. Электромонтер по ремонту и обслуживанию электрооборудования. Электрогазосварщик. \r\n\r\n \r\n\r\nКонкурсный отбор осуществляется на основании среднего балла документа об образовании.\r\n\r\nКолледж располагает двумя общежитием.", "adress": "г. Минск, ул. Семашко, 11", "tel": "8 (017) 357-54-11", "mail": "8 (017) 357-54-11", "email": "mgk-ist@minskedu.gov.by", "wsite": "https://mgk-ist.minskedu.gov.by/", "wtel": null, "wvk": null, "winsta": null, "wother": "https://www.tiktok.com/@mgk_ist", "icon": "", "prev": "", "promo_medio": "", "coords": "53.858649, 27.499775", "specialty": []}}, {"model": "api.event", "pk": 1, "fields": {"e_date": "2023-12-05T17:31:17Z", "title": "День открытых дверей", "desc": "Девери открываются", "prev": "", "org": 1, "e_url": null}}, {"model": "api.gallery", "pk": 1, "fields": {"photo": "gallery/eae2809c9a314b0da150e7ebb339bf92.png", "desc": "Красивая абстракция", "est": 1}}, {"model": "api.specialtygroup", "pk": 1, "fields": {"title": "Программирование"}}, {"model": "api.specialtygroup", "pk": 2, "fields": {"title": "Образование"}}, {"model": "api.specialtygroup", "pk": 3, "fields": {"title": "FIX"}}, {"model": "api.specialty", "pk": 1, "fields": {"c_type": "S", "s_type": "9", "group": 1, "code": "5-04-0612-02", "title": "Разработка и сопровождение программного обеспечения информационных систем", "skill": "Техник-программист", "prev": "", "desc": "", "icon": "0xe176"}}, {"model": "api.specialty", "pk": 2, "fields": {"c_type": "S", "s_type": "9", "group": 2, "code": "5-04-0112-01", "title": "Дошкольное образование", "skill": "Воспитатель дошкольного образования", "prev": "", "desc": "", "icon": "0xe160"}}, {"model": "api.specialty", "pk": 3, "fields": {"c_type": "P", "s_type": "11", "group": 2, "code": "5-04-0112-01", "title": "Дошкольное образование", "skill": "Воспитатель дошкольного образования", "prev": "", "desc": "", "icon": "0xe160"}}, {"model": "api.specialty", "pk": 4, "fields": {"c_type": "S", "s_type": "9", "group": 2, "code": "5-04-0112-02", "title": "Начальное образование", "skill": "Учитель", "prev": "", "desc": "", "icon": "0xe3dd"}}, {"model": "api.specialty", "pk": 5, "fields": {"c_type": "S", "s_type": "9", "group": 1, "code": "5-04-0713-10", "title": "Техническая эксплуатация мехатронных систем электронного производства", "skill": "Техник-мехатроник", "prev": "", "desc": "", "icon": null}}, {"model": "api.specialty", "pk": 6, "fields": {"c_type": "S", "s_type": "9", "group": 1, "code": "5-04-0713-08", "title": "Техническая эксплуатация технологического оборудования и средств робототехники в автоматизированном производстве", "skill": "Техник-электроник", "prev": "", "desc": "", "icon": null}}, {"model": "api.specialty", "pk": 7, "fields": {"c_type": "S", "s_type": "9", "group": 1, "code": "5-04-0713-09", "title": "Производство изделий микро- и наноэлектроники", "skill": "Техник-технолог", "prev": "", "desc": "", "icon": null}}, {"model": "api.specialty", "pk": 8, "fields": {"c_type": "P", "s_type": "9", "group": 3, "code": "3-01-0211-01-01", "title": "Изготовление полиграфической продукции", "skill": "Переплетчик (1–6 разряд)", "prev": "", "desc": "", "icon": null}}, {"model": "api.faq", "pk": 1, "fields": {"q": "Как выбрать специальность для поступления ?", "a": "Выбор специальности для поступления является важным и ответственным шагом в вашей учебной и профессиональной карьере. Чтобы принять правильное решение, необходимо учесть несколько факторов.\r\n\r\nВо-первых, важно определиться с вашими интересами и страстями. Размышляйте о том, что вам нравится делать, в каких предметах вы проявляете наибольшие успехи и удовлетворение. Имейте в виду, что выбор специальности, которая соответствует вашим интересам, поможет вам быть мотивированным и успешным в будущей карьере.\r\n\r\nВо-вторых, обратите внимание на ваши навыки и способности. Различные специальности требуют разных навыков, поэтому важно понять, в чем вы сильны и что вам легко дается. Рассмотрите свои академические успехи, умения в области коммуникации, аналитические способности и другие навыки, которые могут быть полезны в выбранной области.\r\n\r\nТретий фактор, на который следует обратить внимание, - это карьерные перспективы и возможности трудоустройства. Исследуйте рынок труда и узнайте, какие специальности востребованы и предлагают хорошие возможности карьерного роста. Обратитесь к статистике занятости и зарплатам в различных отраслях, чтобы принять информированное решение.\r\n\r\nНаконец, не забывайте обратиться за советом к профессионалам, уже работающим в выбранной области. Они смогут поделиться своим опытом, рассказать о своей работе и предоставить ценные рекомендации. Постарайтесь найти возможности для проведения интервью или стажировок, чтобы получить более глубокое представление о выбранной специальности.\r\n\r\nВ итоге, чтобы выбрать специальность для поступления, вам необходимо совместить ваши интересы, навыки и карьерные перспективы. Используйте доступные ресурсы, общайтесь с людьми и принимайте информированное решение, которое будет соответствовать вашим целям и амбициям."}}, {"model": "api.faq", "pk": 2, "fields": {"q": "В чем разница ССО и ПТО ?", "a": "ССО (Система Стратегического Отчета) и ПТО (План Технического Обеспечения) - это две разные системы, используемые в организациях для различных целей.\r\n\r\nССО представляет собой систему отчетности, которая предназначена для стратегического планирования и управления организацией. Она включает в себя различные инструменты и метрики, которые помогают оценить текущее состояние организации, определить ее цели и разработать стратегии для достижения этих целей.\r\n\r\nПТО, с другой стороны, является системой, которая фокусируется на планировании и обеспечении технических ресурсов и инфраструктуры в организации. Она включает в себя процессы и методы для разработки и поддержки технических решений, а также планирования и контроля выполнения проектов.\r\n\r\nТаким образом, разница между ССО и ПТО заключается в их основных целях и областях применения. ССО используется для стратегического управления организацией в целом, в то время как ПТО фокусируется на планировании и обеспечении технических ресурсов."}}, {"model": "api.faq", "pk": 3, "fields": {"q": "Кто круче Человек-паук или Супермен ?", "a": "Когда речь идет о том, кто круче - Человек-паук или Супермен, это вопрос субъективных предпочтений и личных вкусов. Оба персонажа являются популярными супергероями, каждый со своими уникальными способностями и историями.\r\n\r\nЧеловек-паук, также известный как Питер Паркер, является героем комиксов Marvel. Его основная способность - это способность прилипать к стенам и лазать по ним благодаря особой паутине, которую он создает с помощью своих запястьев. Кроме того, Человек-паук обладает улучшенной силой, рефлексами и акробатикой, что делает его очень гибким и быстрым.\r\n\r\nСупермен, с другой стороны, является символом DC Comics и одним из самых известных супергероев в мире. Он обладает непреодолимой силой, способностью летать и невосприимчивостью к большинству форм физического повреждения. Супермен также обладает тепловым зрением, лазерным зрением и суперслухом.\r\n\r\nВыбор между Человеком-пауком и Суперменом зависит от личных предпочтений каждого человека. Некоторые могут быть больше привлечены к Человеку-пауку из-за его более земного и человеческого характера, а также его способности к лазанию по стенам, которая может быть впечатляющей и захватывающей. Другие могут предпочитать Супермена из-за его непреодолимой силы и способности летать, что делает его почти непобедимым.\r\n\r\nОднако, важно отметить, что и Человек-паук и Супермен играют важную роль в мире комиксов и являются символами справедливости и героизма. Они вдохновляют многих людей своими поступками и представляют собой идеалы супергероев.\r\n\r\nТаким образом, вопрос о том, кто круче - Человек-паук или Супермен, остается открытым и зависит от индивидуальных предпочтений и вкусов каждого человека."}}, {"model": "admin.logentry", "pk": 1, "fields": {"action_time": "2023-12-05T09:26:07.502Z", "user": 2, "content_type": 1, "object_id": "1", "object_repr": "МГКЦТ", "action_flag": 1, "change_message": "[{\"added\": {}}]"}}, {"model": "admin.logentry", "pk": 2, "fields": {"action_time": "2023-12-05T16:05:23.961Z", "user": 2, "content_type": 1, "object_id": "1", "object_repr": "МГКЦТ", "action_flag": 2, "change_message": "[{\"changed\": {\"fields\": [\"\\u041a\\u043e\\u043e\\u0440\\u0434\\u0438\\u043d\\u0430\\u0442\\u044b \\u043d\\u0430 \\u043a\\u0430\\u0440\\u0442\\u0435\", \"\\u041e\\u043f\\u0438\\u0441\\u0430\\u043d\\u0438\\u0435\", \"\\u041b\\u043e\\u0433\\u043e\\u0442\\u0438\\u043f\", \"\\u041d\\u043e\\u043c\\u0435\\u0440 \\u0442\\u0435\\u043b\\u0435\\u0444\\u043e\\u043d\\u0430\", \"\\u041f\\u043e\\u0447\\u0442\\u043e\\u0432\\u044b\\u0435 \\u0440\\u0435\\u043a\\u0432\\u0438\\u0437\\u0438\\u0442\\u044b\", \"\\u042d\\u043b\\u0435\\u043a\\u0442\\u0440\\u043e\\u043d\\u043d\\u0430\\u044f \\u043f\\u043e\\u0447\\u0442\\u0430\", \"\\u0422\\u0435\\u043b\\u0435\\u0433\\u0440\\u0430\\u043c\"]}}]"}}, {"model": "admin.logentry", "pk": 3, "fields": {"action_time": "2023-12-05T16:06:09.197Z", "user": 2, "content_type": 1, "object_id": "1", "object_repr": "МГКЦТ", "action_flag": 2, "change_message": "[]"}}, {"model": "admin.logentry", "pk": 4, "fields": {"action_time": "2023-12-05T16:13:41.476Z", "user": 2, "content_type": 1, "object_id": "2", "object_repr": "МГКРиД", "action_flag": 1, "change_message": "[{\"added\": {}}]"}}, {"model": "admin.logentry", "pk": 5, "fields": {"action_time": "2023-12-05T17:31:39.966Z", "user": 2, "content_type": 6, "object_id": "1", "object_repr": "2023-12-05 20:31:17+03:00 День открытых дверей", "action_flag": 1, "change_message": "[{\"added\": {}}]"}}, {"model": "admin.logentry", "pk": 6, "fields": {"action_time": "2023-12-05T17:32:06.776Z", "user": 2, "content_type": 6, "object_id": "1", "object_repr": "2023-12-05 20:31:17+03:00 День открытых дверей", "action_flag": 2, "change_message": "[{\"changed\": {\"fields\": [\"\\u041e\\u0440\\u0433\\u0430\\u043d\\u0438\\u0437\\u0430\\u0442\\u043e\\u0440\"]}}]"}}, {"model": "admin.logentry", "pk": 7, "fields": {"action_time": "2023-12-05T18:00:08.497Z", "user": 2, "content_type": 5, "object_id": "1", "object_repr": "Gallery object (1)", "action_flag": 1, "change_message": "[{\"added\": {}}]"}}, {"model": "admin.logentry", "pk": 8, "fields": {"action_time": "2023-12-05T18:13:35.033Z", "user": 2, "content_type": 3, "object_id": "1", "object_repr": "Программирование", "action_flag": 1, "change_message": "[{\"added\": {}}]"}}, {"model": "admin.logentry", "pk": 9, "fields": {"action_time": "2023-12-05T18:14:56.394Z", "user": 2, "content_type": 4, "object_id": "1", "object_repr": "40-01-01 // Программное обеспечение информационных технологий", "action_flag": 1, "change_message": "[{\"added\": {}}]"}}, {"model": "admin.logentry", "pk": 10, "fields": {"action_time": "2023-12-05T18:15:06.889Z", "user": 2, "content_type": 1, "object_id": "1", "object_repr": "МГКЦТ", "action_flag": 2, "change_message": "[{\"changed\": {\"fields\": [\"\\u0421\\u043f\\u0435\\u0446\\u0438\\u0430\\u043b\\u044c\\u043d\\u043e\\u0441\\u0442\\u0438\"]}}]"}}, {"model": "admin.logentry", "pk": 11, "fields": {"action_time": "2023-12-06T07:04:13.545Z", "user": 2, "content_type": 1, "object_id": "3", "object_repr": "МГПК", "action_flag": 1, "change_message": "[{\"added\": {}}]"}}, {"model": "admin.logentry", "pk": 12, "fields": {"action_time": "2023-12-06T07:05:04.691Z", "user": 2, "content_type": 3, "object_id": "2", "object_repr": "Образование", "action_flag": 1, "change_message": "[{\"added\": {}}]"}}, {"model": "admin.logentry", "pk": 13, "fields": {"action_time": "2023-12-06T07:05:36.946Z", "user": 2, "content_type": 4, "object_id": "2", "object_repr": "5-04-0112-01 // Дошкольное образование", "action_flag": 1, "change_message": "[{\"added\": {}}]"}}, {"model": "admin.logentry", "pk": 14, "fields": {"action_time": "2023-12-06T07:06:32.024Z", "user": 2, "content_type": 4, "object_id": "3", "object_repr": "5-04-0112-01 // Дошкольное образование", "action_flag": 1, "change_message": "[{\"added\": {}}]"}}, {"model": "admin.logentry", "pk": 15, "fields": {"action_time": "2023-12-06T07:07:09.837Z", "user": 2, "content_type": 4, "object_id": "4", "object_repr": "5-04-0112-02 // Начальное образование", "action_flag": 1, "change_message": "[{\"added\": {}}]"}}, {"model": "admin.logentry", "pk": 16, "fields": {"action_time": "2023-12-06T07:07:24.883Z", "user": 2, "content_type": 1, "object_id": "3", "object_repr": "МГПК", "action_flag": 2, "change_message": "[{\"changed\": {\"fields\": [\"\\u0421\\u043f\\u0435\\u0446\\u0438\\u0430\\u043b\\u044c\\u043d\\u043e\\u0441\\u0442\\u0438\"]}}]"}}, {"model": "admin.logentry", "pk": 17, "fields": {"action_time": "2023-12-06T07:07:35.765Z", "user": 2, "content_type": 1, "object_id": "3", "object_repr": "МГПК", "action_flag": 2, "change_message": "[]"}}, {"model": "admin.logentry", "pk": 18, "fields": {"action_time": "2023-12-06T07:11:02.675Z", "user": 2, "content_type": 2, "object_id": "1", "object_repr": "1 // Как выбрать специальность для поступления ?", "action_flag": 1, "change_message": "[{\"added\": {}}]"}}, {"model": "admin.logentry", "pk": 19, "fields": {"action_time": "2023-12-06T07:11:45.466Z", "user": 2, "content_type": 2, "object_id": "2", "object_repr": "2 // В чем разница ССО и ПТО ?", "action_flag": 1, "change_message": "[{\"added\": {}}]"}}, {"model": "admin.logentry", "pk": 20, "fields": {"action_time": "2023-12-06T07:13:49.854Z", "user": 2, "content_type": 2, "object_id": "3", "object_repr": "3 // Кто круче Человек-паук или Супермен ?", "action_flag": 1, "change_message": "[{\"added\": {}}]"}}, {"model": "admin.logentry", "pk": 21, "fields": {"action_time": "2023-12-06T11:36:47.712Z", "user": 2, "content_type": 9, "object_id": "1", "object_repr": "EstAdminUser", "action_flag": 1, "change_message": "[{\"added\": {}}]"}}, {"model": "admin.logentry", "pk": 22, "fields": {"action_time": "2023-12-07T18:08:31.050Z", "user": 2, "content_type": 1, "object_id": "2", "object_repr": "МГКРиД", "action_flag": 2, "change_message": "[{\"changed\": {\"fields\": [\"\\u041b\\u043e\\u0433\\u043e\\u0442\\u0438\\u043f\"]}}]"}}, {"model": "admin.logentry", "pk": 23, "fields": {"action_time": "2023-12-07T18:08:57.419Z", "user": 2, "content_type": 1, "object_id": "2", "object_repr": "МГКРиД", "action_flag": 2, "change_message": "[{\"changed\": {\"fields\": [\"\\u041f\\u0440\\u0435\\u0432\\u044c\\u044e\"]}}]"}}, {"model": "admin.logentry", "pk": 24, "fields": {"action_time": "2023-12-07T18:10:02.117Z", "user": 2, "content_type": 1, "object_id": "3", "object_repr": "МГПК", "action_flag": 2, "change_message": "[{\"changed\": {\"fields\": [\"\\u041b\\u043e\\u0433\\u043e\\u0442\\u0438\\u043f\"]}}]"}}, {"model": "admin.logentry", "pk": 25, "fields": {"action_time": "2023-12-08T06:54:56.147Z", "user": 2, "content_type": 4, "object_id": "4", "object_repr": "5-04-0112-02 // Начальное образование", "action_flag": 2, "change_message": "[{\"changed\": {\"fields\": [\"\\u0418\\u0414 \\u0438\\u043a\\u043e\\u043d\\u043a\\u0438 \\u0444\\u043b\\u0430\\u0442\\u0442\\u0435\\u0440\"]}}]"}}, {"model": "admin.logentry", "pk": 26, "fields": {"action_time": "2023-12-08T06:56:59.167Z", "user": 2, "content_type": 4, "object_id": "2", "object_repr": "5-04-0112-01 // Дошкольное образование", "action_flag": 2, "change_message": "[{\"changed\": {\"fields\": [\"\\u0418\\u0414 \\u0438\\u043a\\u043e\\u043d\\u043a\\u0438 \\u0444\\u043b\\u0430\\u0442\\u0442\\u0435\\u0440\"]}}]"}}, {"model": "admin.logentry", "pk": 27, "fields": {"action_time": "2023-12-08T06:57:15.840Z", "user": 2, "content_type": 4, "object_id": "3", "object_repr": "5-04-0112-01 // Дошкольное образование", "action_flag": 2, "change_message": "[{\"changed\": {\"fields\": [\"\\u0418\\u0414 \\u0438\\u043a\\u043e\\u043d\\u043a\\u0438 \\u0444\\u043b\\u0430\\u0442\\u0442\\u0435\\u0440\"]}}]"}}, {"model": "admin.logentry", "pk": 28, "fields": {"action_time": "2023-12-08T06:57:47.893Z", "user": 2, "content_type": 4, "object_id": "4", "object_repr": "5-04-0112-02 // Начальное образование", "action_flag": 2, "change_message": "[{\"changed\": {\"fields\": [\"\\u0418\\u0414 \\u0438\\u043a\\u043e\\u043d\\u043a\\u0438 \\u0444\\u043b\\u0430\\u0442\\u0442\\u0435\\u0440\"]}}]"}}, {"model": "admin.logentry", "pk": 29, "fields": {"action_time": "2023-12-08T06:58:58.183Z", "user": 2, "content_type": 4, "object_id": "1", "object_repr": "40-01-01 // Программное обеспечение информационных технологий", "action_flag": 2, "change_message": "[{\"changed\": {\"fields\": [\"\\u0418\\u0414 \\u0438\\u043a\\u043e\\u043d\\u043a\\u0438 \\u0444\\u043b\\u0430\\u0442\\u0442\\u0435\\u0440\"]}}]"}}, {"model": "admin.logentry", "pk": 30, "fields": {"action_time": "2023-12-08T07:14:55.708Z", "user": 2, "content_type": 4, "object_id": "1", "object_repr": "40-01-01 // Программное обеспечение информационных технологий", "action_flag": 2, "change_message": "[{\"changed\": {\"fields\": [\"\\u0418\\u0414 \\u0438\\u043a\\u043e\\u043d\\u043a\\u0438 \\u0444\\u043b\\u0430\\u0442\\u0442\\u0435\\u0440\"]}}]"}}, {"model": "admin.logentry", "pk": 31, "fields": {"action_time": "2023-12-08T07:15:08.445Z", "user": 2, "content_type": 4, "object_id": "2", "object_repr": "5-04-0112-01 // Дошкольное образование", "action_flag": 2, "change_message": "[{\"changed\": {\"fields\": [\"\\u0418\\u0414 \\u0438\\u043a\\u043e\\u043d\\u043a\\u0438 \\u0444\\u043b\\u0430\\u0442\\u0442\\u0435\\u0440\"]}}]"}}, {"model": "admin.logentry", "pk": 32, "fields": {"action_time": "2023-12-08T07:15:14.430Z", "user": 2, "content_type": 4, "object_id": "2", "object_repr": "5-04-0112-01 // Дошкольное образование", "action_flag": 2, "change_message": "[]"}}, {"model": "admin.logentry", "pk": 33, "fields": {"action_time": "2023-12-08T07:15:20.975Z", "user": 2, "content_type": 4, "object_id": "3", "object_repr": "5-04-0112-01 // Дошкольное образование", "action_flag": 2, "change_message": "[{\"changed\": {\"fields\": [\"\\u0418\\u0414 \\u0438\\u043a\\u043e\\u043d\\u043a\\u0438 \\u0444\\u043b\\u0430\\u0442\\u0442\\u0435\\u0440\"]}}]"}}, {"model": "admin.logentry", "pk": 34, "fields": {"action_time": "2023-12-08T07:38:09.447Z", "user": 2, "content_type": 4, "object_id": "3", "object_repr": "5-04-0112-01 // Дошкольное образование", "action_flag": 2, "change_message": "[{\"changed\": {\"fields\": [\"\\u0422\\u0438\\u043f\"]}}]"}}, {"model": "admin.logentry", "pk": 35, "fields": {"action_time": "2023-12-08T11:50:06.632Z", "user": 2, "content_type": 4, "object_id": "4", "object_repr": "5-04-0112-02 // Начальное образование", "action_flag": 2, "change_message": "[{\"changed\": {\"fields\": [\"\\u0418\\u0414 \\u0438\\u043a\\u043e\\u043d\\u043a\\u0438 \\u0444\\u043b\\u0430\\u0442\\u0442\\u0435\\u0440\"]}}]"}}, {"model": "admin.logentry", "pk": 36, "fields": {"action_time": "2023-12-08T11:54:10.259Z", "user": 2, "content_type": 4, "object_id": "3", "object_repr": "5-04-0112-01 // Дошкольное образование", "action_flag": 2, "change_message": "[{\"changed\": {\"fields\": [\"\\u0418\\u0414 \\u0438\\u043a\\u043e\\u043d\\u043a\\u0438 \\u0444\\u043b\\u0430\\u0442\\u0442\\u0435\\u0440\"]}}]"}}, {"model": "admin.logentry", "pk": 37, "fields": {"action_time": "2023-12-08T11:54:14.865Z", "user": 2, "content_type": 4, "object_id": "2", "object_repr": "5-04-0112-01 // Дошкольное образование", "action_flag": 2, "change_message": "[{\"changed\": {\"fields\": [\"\\u0418\\u0414 \\u0438\\u043a\\u043e\\u043d\\u043a\\u0438 \\u0444\\u043b\\u0430\\u0442\\u0442\\u0435\\u0440\"]}}]"}}, {"model": "admin.logentry", "pk": 38, "fields": {"action_time": "2023-12-08T11:54:21.125Z", "user": 2, "content_type": 4, "object_id": "4", "object_repr": "5-04-0112-02 // Начальное образование", "action_flag": 2, "change_message": "[{\"changed\": {\"fields\": [\"\\u0418\\u0414 \\u0438\\u043a\\u043e\\u043d\\u043a\\u0438 \\u0444\\u043b\\u0430\\u0442\\u0442\\u0435\\u0440\"]}}]"}}, {"model": "admin.logentry", "pk": 39, "fields": {"action_time": "2023-12-08T11:55:50.400Z", "user": 2, "content_type": 4, "object_id": "4", "object_repr": "5-04-0112-02 // Начальное образование", "action_flag": 2, "change_message": "[{\"changed\": {\"fields\": [\"\\u0418\\u0414 \\u0438\\u043a\\u043e\\u043d\\u043a\\u0438 \\u0444\\u043b\\u0430\\u0442\\u0442\\u0435\\u0440\"]}}]"}}, {"model": "admin.logentry", "pk": 40, "fields": {"action_time": "2023-12-09T05:58:14.519Z", "user": 2, "content_type": 1, "object_id": "1", "object_repr": "МГКЦТ", "action_flag": 2, "change_message": "[]"}}, {"model": "admin.logentry", "pk": 41, "fields": {"action_time": "2023-12-09T06:01:51.690Z", "user": 2, "content_type": 4, "object_id": "1", "object_repr": "40-01-01 // Разработка и сопровождение программного обеспечения информационных систем", "action_flag": 2, "change_message": "[{\"changed\": {\"fields\": [\"\\u041d\\u0430\\u0437\\u0432\\u0430\\u043d\\u0438\\u0435 \\u0441\\u043f\\u0435\\u0446\\u0438\\u0430\\u043b\\u044c\\u043d\\u043e\\u0441\\u0442\\u0438\"]}}]"}}, {"model": "admin.logentry", "pk": 42, "fields": {"action_time": "2023-12-09T06:02:07.636Z", "user": 2, "content_type": 4, "object_id": "1", "object_repr": "5-04-0612-02 // Разработка и сопровождение программного обеспечения информационных систем", "action_flag": 2, "change_message": "[{\"changed\": {\"fields\": [\"\\u041a\\u043e\\u0434\"]}}]"}}, {"model": "admin.logentry", "pk": 43, "fields": {"action_time": "2023-12-09T06:04:11.397Z", "user": 2, "content_type": 4, "object_id": "5", "object_repr": "5-04-0713-10 // Техническая эксплуатация мехатронных систем электронного производства", "action_flag": 1, "change_message": "[{\"added\": {}}]"}}, {"model": "admin.logentry", "pk": 44, "fields": {"action_time": "2023-12-09T06:05:45.407Z", "user": 2, "content_type": 4, "object_id": "6", "object_repr": "5-04-0713-08 // Техническая эксплуатация технологического оборудования и средств робототехники в автоматизированном производстве", "action_flag": 1, "change_message": "[{\"added\": {}}]"}}, {"model": "admin.logentry", "pk": 45, "fields": {"action_time": "2023-12-09T06:10:41.640Z", "user": 2, "content_type": 4, "object_id": "7", "object_repr": "5-04-0713-09 // Производство изделий микро- и наноэлектроники", "action_flag": 1, "change_message": "[{\"added\": {}}]"}}, {"model": "admin.logentry", "pk": 46, "fields": {"action_time": "2023-12-09T06:46:56.660Z", "user": 2, "content_type": 10, "object_id": "3", "object_repr": "temp1", "action_flag": 1, "change_message": "[{\"added\": {}}]"}}, {"model": "admin.logentry", "pk": 47, "fields": {"action_time": "2023-12-09T06:47:20.975Z", "user": 2, "content_type": 9, "object_id": "1", "object_repr": "EstAdminUser", "action_flag": 2, "change_message": "[{\"changed\": {\"fields\": [\"Permissions\"]}}]"}}, {"model": "admin.logentry", "pk": 48, "fields": {"action_time": "2023-12-09T06:47:42.131Z", "user": 2, "content_type": 10, "object_id": "3", "object_repr": "temp1", "action_flag": 2, "change_message": "[{\"changed\": {\"fields\": [\"Groups\"]}}]"}}, {"model": "admin.logentry", "pk": 49, "fields": {"action_time": "2023-12-09T06:47:50.984Z", "user": 2, "content_type": 10, "object_id": "3", "object_repr": "temp1", "action_flag": 2, "change_message": "[{\"changed\": {\"fields\": [\"Staff status\"]}}]"}}, {"model": "admin.logentry", "pk": 50, "fields": {"action_time": "2023-12-09T06:48:29.559Z", "user": 2, "content_type": 10, "object_id": "4", "object_repr": "temp2", "action_flag": 1, "change_message": "[{\"added\": {}}]"}}, {"model": "admin.logentry", "pk": 51, "fields": {"action_time": "2023-12-09T06:48:37.162Z", "user": 2, "content_type": 10, "object_id": "4", "object_repr": "temp2", "action_flag": 2, "change_message": "[{\"changed\": {\"fields\": [\"Staff status\", \"Groups\"]}}]"}}, {"model": "admin.logentry", "pk": 52, "fields": {"action_time": "2023-12-09T06:49:13.783Z", "user": 2, "content_type": 10, "object_id": "5", "object_repr": "temp3", "action_flag": 1, "change_message": "[{\"added\": {}}]"}}, {"model": "admin.logentry", "pk": 53, "fields": {"action_time": "2023-12-09T06:49:20.170Z", "user": 2, "content_type": 10, "object_id": "5", "object_repr": "temp3", "action_flag": 2, "change_message": "[{\"changed\": {\"fields\": [\"Staff status\", \"Groups\"]}}]"}}, {"model": "admin.logentry", "pk": 54, "fields": {"action_time": "2023-12-09T06:49:47.011Z", "user": 2, "content_type": 10, "object_id": "6", "object_repr": "temp4", "action_flag": 1, "change_message": "[{\"added\": {}}]"}}, {"model": "admin.logentry", "pk": 55, "fields": {"action_time": "2023-12-09T06:50:03.915Z", "user": 2, "content_type": 10, "object_id": "6", "object_repr": "temp4", "action_flag": 2, "change_message": "[{\"changed\": {\"fields\": [\"Staff status\", \"Groups\"]}}]"}}, {"model": "admin.logentry", "pk": 56, "fields": {"action_time": "2023-12-09T06:52:08.030Z", "user": 3, "content_type": 1, "object_id": "3", "object_repr": "МГПК", "action_flag": 2, "change_message": "[{\"changed\": {\"fields\": [\"\\u0421\\u043f\\u0435\\u0446\\u0438\\u0430\\u043b\\u044c\\u043d\\u043e\\u0441\\u0442\\u0438\"]}}]"}}, {"model": "admin.logentry", "pk": 57, "fields": {"action_time": "2023-12-09T07:14:19.791Z", "user": 6, "content_type": 1, "object_id": "4", "object_repr": "МГК ТТС", "action_flag": 1, "change_message": "[{\"added\": {}}]"}}, {"model": "admin.logentry", "pk": 58, "fields": {"action_time": "2023-12-09T07:15:58.698Z", "user": 2, "content_type": 1, "object_id": "4", "object_repr": "МГК ТТС", "action_flag": 2, "change_message": "[{\"changed\": {\"fields\": [\"\\u041b\\u043e\\u0433\\u043e\\u0442\\u0438\\u043f\"]}}]"}}, {"model": "admin.logentry", "pk": 59, "fields": {"action_time": "2023-12-09T07:16:35.219Z", "user": 3, "content_type": 1, "object_id": "5", "object_repr": "МГККСО", "action_flag": 1, "change_message": "[{\"added\": {}}]"}}, {"model": "admin.logentry", "pk": 60, "fields": {"action_time": "2023-12-09T07:17:26.857Z", "user": 2, "content_type": 3, "object_id": "3", "object_repr": "FIX", "action_flag": 1, "change_message": "[{\"added\": {}}]"}}, {"model": "admin.logentry", "pk": 61, "fields": {"action_time": "2023-12-09T07:19:04.229Z", "user": 2, "content_type": 4, "object_id": "8", "object_repr": "3-01-0211-01-01 // Изготовление полиграфической продукции", "action_flag": 1, "change_message": "[{\"added\": {}}]"}}, {"model": "admin.logentry", "pk": 62, "fields": {"action_time": "2023-12-09T07:19:07.025Z", "user": 6, "content_type": 1, "object_id": "6", "object_repr": "МГМТК", "action_flag": 1, "change_message": "[{\"added\": {}}]"}}, {"model": "admin.logentry", "pk": 63, "fields": {"action_time": "2023-12-09T07:23:51.479Z", "user": 5, "content_type": 1, "object_id": "7", "object_repr": "МГК сервиса и технологий", "action_flag": 1, "change_message": "[{\"added\": {}}]"}}, {"model": "admin.logentry", "pk": 64, "fields": {"action_time": "2023-12-09T07:24:13.135Z", "user": 4, "content_type": 1, "object_id": "8", "object_repr": "МГК торговли и коммерции", "action_flag": 1, "change_message": "[{\"added\": {}}]"}}, {"model": "admin.logentry", "pk": 65, "fields": {"action_time": "2023-12-09T07:24:49.733Z", "user": 6, "content_type": 1, "object_id": "9", "object_repr": "МГКА", "action_flag": 1, "change_message": "[{\"added\": {}}]"}}, {"model": "admin.logentry", "pk": 66, "fields": {"action_time": "2023-12-09T07:27:03.392Z", "user": 3, "content_type": 1, "object_id": "10", "object_repr": "МГКЦТ", "action_flag": 1, "change_message": "[{\"added\": {}}]"}}, {"model": "admin.logentry", "pk": 67, "fields": {"action_time": "2023-12-09T07:27:56.141Z", "user": 3, "content_type": 1, "object_id": "10", "object_repr": "МГКЦТ", "action_flag": 3, "change_message": ""}}, {"model": "admin.logentry", "pk": 68, "fields": {"action_time": "2023-12-09T07:28:56.391Z", "user": 3, "content_type": 1, "object_id": "2", "object_repr": "МГКРиД", "action_flag": 2, "change_message": "[{\"changed\": {\"fields\": [\"\\u041f\\u0440\\u0435\\u0432\\u044c\\u044e\"]}}]"}}, {"model": "admin.logentry", "pk": 69, "fields": {"action_time": "2023-12-09T07:29:19.415Z", "user": 6, "content_type": 1, "object_id": "11", "object_repr": "МГКПК", "action_flag": 1, "change_message": "[{\"added\": {}}]"}}, {"model": "admin.logentry", "pk": 70, "fields": {"action_time": "2023-12-09T07:29:35.243Z", "user": 6, "content_type": 1, "object_id": "9", "object_repr": "МГКА", "action_flag": 2, "change_message": "[{\"changed\": {\"fields\": [\"\\u041b\\u043e\\u0433\\u043e\\u0442\\u0438\\u043f\"]}}]"}}, {"model": "admin.logentry", "pk": 71, "fields": {"action_time": "2023-12-09T07:30:50.331Z", "user": 2, "content_type": 1, "object_id": "3", "object_repr": "МГПК", "action_flag": 3, "change_message": ""}}, {"model": "admin.logentry", "pk": 72, "fields": {"action_time": "2023-12-09T07:31:36.603Z", "user": 5, "content_type": 1, "object_id": "12", "object_repr": "МГПТК монтажных и подъёмно-транспор", "action_flag": 1, "change_message": "[{\"added\": {}}]"}}, {"model": "admin.logentry", "pk": 73, "fields": {"action_time": "2023-12-09T07:31:52.667Z", "user": 6, "content_type": 1, "object_id": "9", "object_repr": "МГКА", "action_flag": 2, "change_message": "[{\"changed\": {\"fields\": [\"\\u0410\\u0434\\u0440\\u0435\\u0441\"]}}]"}}, {"model": "admin.logentry", "pk": 74, "fields": {"action_time": "2023-12-09T07:32:08.134Z", "user": 6, "content_type": 1, "object_id": "11", "object_repr": "МГКПК", "action_flag": 2, "change_message": "[{\"changed\": {\"fields\": [\"\\u0410\\u0434\\u0440\\u0435\\u0441\"]}}]"}}, {"model": "admin.logentry", "pk": 75, "fields": {"action_time": "2023-12-09T07:35:15.431Z", "user": 2, "content_type": 1, "object_id": "6", "object_repr": "МГМТК", "action_flag": 2, "change_message": "[{\"changed\": {\"fields\": [\"\\u0410\\u0434\\u0440\\u0435\\u0441\"]}}]"}}, {"model": "admin.logentry", "pk": 76, "fields": {"action_time": "2023-12-09T07:35:34.647Z", "user": 2, "content_type": 1, "object_id": "1", "object_repr": "МГКЦТ", "action_flag": 2, "change_message": "[{\"changed\": {\"fields\": [\"\\u0410\\u0434\\u0440\\u0435\\u0441\"]}}]"}}, {"model": "admin.logentry", "pk": 77, "fields": {"action_time": "2023-12-09T07:35:48.830Z", "user": 2, "content_type": 1, "object_id": "12", "object_repr": "МГПТК монтажных и подъёмно-транспор", "action_flag": 2, "change_message": "[{\"changed\": {\"fields\": [\"\\u0410\\u0434\\u0440\\u0435\\u0441\"]}}]"}}, {"model": "admin.logentry", "pk": 78, "fields": {"action_time": "2023-12-09T07:36:12.761Z", "user": 5, "content_type": 1, "object_id": "13", "object_repr": "Колледж полиграфии", "action_flag": 1, "change_message": "[{\"added\": {}}]"}}, {"model": "admin.logentry", "pk": 79, "fields": {"action_time": "2023-12-09T07:36:27.567Z", "user": 2, "content_type": 1, "object_id": "12", "object_repr": "МГПТК монтажных и подъёмно-транспор", "action_flag": 2, "change_message": "[{\"changed\": {\"fields\": [\"\\u0410\\u0434\\u0440\\u0435\\u0441\"]}}]"}}, {"model": "admin.logentry", "pk": 80, "fields": {"action_time": "2023-12-09T07:36:44.322Z", "user": 2, "content_type": 1, "object_id": "9", "object_repr": "МГКА", "action_flag": 2, "change_message": "[{\"changed\": {\"fields\": [\"\\u0410\\u0434\\u0440\\u0435\\u0441\"]}}]"}}, {"model": "admin.logentry", "pk": 81, "fields": {"action_time": "2023-12-09T07:36:52.211Z", "user": 3, "content_type": 1, "object_id": "14", "object_repr": "МГКЖД", "action_flag": 1, "change_message": "[{\"added\": {}}]"}}, {"model": "admin.logentry", "pk": 82, "fields": {"action_time": "2023-12-09T07:37:18.403Z", "user": 2, "content_type": 1, "object_id": "2", "object_repr": "МГКРиД", "action_flag": 2, "change_message": "[{\"changed\": {\"fields\": [\"\\u0410\\u0434\\u0440\\u0435\\u0441\"]}}]"}}, {"model": "admin.logentry", "pk": 83, "fields": {"action_time": "2023-12-09T07:37:28.459Z", "user": 2, "content_type": 1, "object_id": "9", "object_repr": "МГКА", "action_flag": 2, "change_message": "[{\"changed\": {\"fields\": [\"\\u0410\\u0434\\u0440\\u0435\\u0441\"]}}]"}}, {"model": "admin.logentry", "pk": 84, "fields": {"action_time": "2023-12-09T07:41:01.941Z", "user": 4, "content_type": 1, "object_id": "15", "object_repr": "МГК индустрии моды", "action_flag": 1, "change_message": "[{\"added\": {}}]"}}, {"model": "admin.logentry", "pk": 85, "fields": {"action_time": "2023-12-09T07:42:59.143Z", "user": 3, "content_type": 1, "object_id": "16", "object_repr": "Мгптк кулинарии", "action_flag": 1, "change_message": "[{\"added\": {}}]"}}, {"model": "admin.logentry", "pk": 86, "fields": {"action_time": "2023-12-09T07:43:28.664Z", "user": 3, "content_type": 1, "object_id": "5", "object_repr": "МГККСО", "action_flag": 2, "change_message": "[{\"changed\": {\"fields\": [\"\\u0410\\u0434\\u0440\\u0435\\u0441\"]}}]"}}, {"model": "admin.logentry", "pk": 87, "fields": {"action_time": "2023-12-09T07:44:03.833Z", "user": 3, "content_type": 1, "object_id": "2", "object_repr": "МГКРиД", "action_flag": 2, "change_message": "[]"}}, {"model": "admin.logentry", "pk": 88, "fields": {"action_time": "2023-12-09T07:44:23.251Z", "user": 3, "content_type": 1, "object_id": "14", "object_repr": "МГКЖД", "action_flag": 2, "change_message": "[{\"changed\": {\"fields\": [\"\\u0410\\u0434\\u0440\\u0435\\u0441\"]}}]"}}, {"model": "admin.logentry", "pk": 89, "fields": {"action_time": "2023-12-09T07:46:16.772Z", "user": 5, "content_type": 1, "object_id": "17", "object_repr": "Колледж строителей", "action_flag": 1, "change_message": "[{\"added\": {}}]"}}, {"model": "admin.logentry", "pk": 90, "fields": {"action_time": "2023-12-09T07:57:51.655Z", "user": 4, "content_type": 1, "object_id": "18", "object_repr": "МГКЛП", "action_flag": 1, "change_message": "[{\"added\": {}}]"}}, {"model": "admin.logentry", "pk": 91, "fields": {"action_time": "2023-12-09T08:00:13.660Z", "user": 5, "content_type": 1, "object_id": "19", "object_repr": "МГККТХиТО", "action_flag": 1, "change_message": "[{\"added\": {}}]"}}, {"model": "admin.logentry", "pk": 92, "fields": {"action_time": "2023-12-09T08:00:33.164Z", "user": 4, "content_type": 1, "object_id": "15", "object_repr": "МГК индустрии моды", "action_flag": 2, "change_message": "[{\"changed\": {\"fields\": [\"\\u041b\\u043e\\u0433\\u043e\\u0442\\u0438\\u043f\"]}}]"}}, {"model": "admin.logentry", "pk": 93, "fields": {"action_time": "2023-12-09T08:06:42.341Z", "user": 2, "content_type": 1, "object_id": "17", "object_repr": "Колледж строителей", "action_flag": 2, "change_message": "[{\"changed\": {\"fields\": [\"\\u0410\\u0434\\u0440\\u0435\\u0441\"]}}]"}}, {"model": "admin.logentry", "pk": 94, "fields": {"action_time": "2023-12-09T08:07:26.392Z", "user": 2, "content_type": 1, "object_id": "4", "object_repr": "МГК ТТС", "action_flag": 2, "change_message": "[{\"changed\": {\"fields\": [\"\\u0410\\u0434\\u0440\\u0435\\u0441\"]}}]"}}, {"model": "admin.logentry", "pk": 95, "fields": {"action_time": "2023-12-09T08:07:37.686Z", "user": 2, "content_type": 1, "object_id": "18", "object_repr": "МГКЛП", "action_flag": 2, "change_message": "[{\"changed\": {\"fields\": [\"\\u0410\\u0434\\u0440\\u0435\\u0441\"]}}]"}}, {"model": "admin.logentry", "pk": 96, "fields": {"action_time": "2023-12-09T08:07:54.777Z", "user": 2, "content_type": 1, "object_id": "2", "object_repr": "МГКРиД", "action_flag": 2, "change_message": "[{\"changed\": {\"fields\": [\"\\u0410\\u0434\\u0440\\u0435\\u0441\"]}}]"}}, {"model": "admin.logentry", "pk": 97, "fields": {"action_time": "2023-12-09T08:09:56.465Z", "user": 4, "content_type": 1, "object_id": "20", "object_repr": "МГКТМ", "action_flag": 1, "change_message": "[{\"added\": {}}]"}}, {"model": "admin.logentry", "pk": 98, "fields": {"action_time": "2023-12-09T08:15:59.346Z", "user": 4, "content_type": 1, "object_id": "21", "object_repr": "МГКИСТ", "action_flag": 1, "change_message": "[{\"added\": {}}]"}}, {"model": "admin.logentry", "pk": 99, "fields": {"action_time": "2023-12-09T08:16:27.785Z", "user": 4, "content_type": 1, "object_id": "15", "object_repr": "МГК индустрии моды", "action_flag": 2, "change_message": "[]"}}, {"model": "auth.permission", "pk": 1, "fields": {"name": "Can add Образовательное учреждение", "content_type": 1, "codename": "add_establishment"}}, {"model": "auth.permission", "pk": 2, "fields": {"name": "Can change Образовательное учреждение", "content_type": 1, "codename": "change_establishment"}}, {"model": "auth.permission", "pk": 3, "fields": {"name": "Can delete Образовательное учреждение", "content_type": 1, "codename": "delete_establishment"}}, {"model": "auth.permission", "pk": 4, "fields": {"name": "Can view Образовательное учреждение", "content_type": 1, "codename": "view_establishment"}}, {"model": "auth.permission", "pk": 5, "fields": {"name": "Can add Вопрос - Ответ", "content_type": 2, "codename": "add_faq"}}, {"model": "auth.permission", "pk": 6, "fields": {"name": "Can change Вопрос - Ответ", "content_type": 2, "codename": "change_faq"}}, {"model": "auth.permission", "pk": 7, "fields": {"name": "Can delete Вопрос - Ответ", "content_type": 2, "codename": "delete_faq"}}, {"model": "auth.permission", "pk": 8, "fields": {"name": "Can view Вопрос - Ответ", "content_type": 2, "codename": "view_faq"}}, {"model": "auth.permission", "pk": 9, "fields": {"name": "Can add Группа специальностей", "content_type": 3, "codename": "add_specialtygroup"}}, {"model": "auth.permission", "pk": 10, "fields": {"name": "Can change Группа специальностей", "content_type": 3, "codename": "change_specialtygroup"}}, {"model": "auth.permission", "pk": 11, "fields": {"name": "Can delete Группа специальностей", "content_type": 3, "codename": "delete_specialtygroup"}}, {"model": "auth.permission", "pk": 12, "fields": {"name": "Can view Группа специальностей", "content_type": 3, "codename": "view_specialtygroup"}}, {"model": "auth.permission", "pk": 13, "fields": {"name": "Can add Специальность", "content_type": 4, "codename": "add_specialty"}}, {"model": "auth.permission", "pk": 14, "fields": {"name": "Can change Специальность", "content_type": 4, "codename": "change_specialty"}}, {"model": "auth.permission", "pk": 15, "fields": {"name": "Can delete Специальность", "content_type": 4, "codename": "delete_specialty"}}, {"model": "auth.permission", "pk": 16, "fields": {"name": "Can view Специальность", "content_type": 4, "codename": "view_specialty"}}, {"model": "auth.permission", "pk": 17, "fields": {"name": "Can add Галерея", "content_type": 5, "codename": "add_gallery"}}, {"model": "auth.permission", "pk": 18, "fields": {"name": "Can change Галерея", "content_type": 5, "codename": "change_gallery"}}, {"model": "auth.permission", "pk": 19, "fields": {"name": "Can delete Галерея", "content_type": 5, "codename": "delete_gallery"}}, {"model": "auth.permission", "pk": 20, "fields": {"name": "Can view Галерея", "content_type": 5, "codename": "view_gallery"}}, {"model": "auth.permission", "pk": 21, "fields": {"name": "Can add Мероприятие", "content_type": 6, "codename": "add_event"}}, {"model": "auth.permission", "pk": 22, "fields": {"name": "Can change Мероприятие", "content_type": 6, "codename": "change_event"}}, {"model": "auth.permission", "pk": 23, "fields": {"name": "Can delete Мероприятие", "content_type": 6, "codename": "delete_event"}}, {"model": "auth.permission", "pk": 24, "fields": {"name": "Can view Мероприятие", "content_type": 6, "codename": "view_event"}}, {"model": "auth.permission", "pk": 25, "fields": {"name": "Can add log entry", "content_type": 7, "codename": "add_logentry"}}, {"model": "auth.permission", "pk": 26, "fields": {"name": "Can change log entry", "content_type": 7, "codename": "change_logentry"}}, {"model": "auth.permission", "pk": 27, "fields": {"name": "Can delete log entry", "content_type": 7, "codename": "delete_logentry"}}, {"model": "auth.permission", "pk": 28, "fields": {"name": "Can view log entry", "content_type": 7, "codename": "view_logentry"}}, {"model": "auth.permission", "pk": 29, "fields": {"name": "Can add permission", "content_type": 8, "codename": "add_permission"}}, {"model": "auth.permission", "pk": 30, "fields": {"name": "Can change permission", "content_type": 8, "codename": "change_permission"}}, {"model": "auth.permission", "pk": 31, "fields": {"name": "Can delete permission", "content_type": 8, "codename": "delete_permission"}}, {"model": "auth.permission", "pk": 32, "fields": {"name": "Can view permission", "content_type": 8, "codename": "view_permission"}}, {"model": "auth.permission", "pk": 33, "fields": {"name": "Can add group", "content_type": 9, "codename": "add_group"}}, {"model": "auth.permission", "pk": 34, "fields": {"name": "Can change group", "content_type": 9, "codename": "change_group"}}, {"model": "auth.permission", "pk": 35, "fields": {"name": "Can delete group", "content_type": 9, "codename": "delete_group"}}, {"model": "auth.permission", "pk": 36, "fields": {"name": "Can view group", "content_type": 9, "codename": "view_group"}}, {"model": "auth.permission", "pk": 37, "fields": {"name": "Can add user", "content_type": 10, "codename": "add_user"}}, {"model": "auth.permission", "pk": 38, "fields": {"name": "Can change user", "content_type": 10, "codename": "change_user"}}, {"model": "auth.permission", "pk": 39, "fields": {"name": "Can delete user", "content_type": 10, "codename": "delete_user"}}, {"model": "auth.permission", "pk": 40, "fields": {"name": "Can view user", "content_type": 10, "codename": "view_user"}}, {"model": "auth.permission", "pk": 41, "fields": {"name": "Can add content type", "content_type": 11, "codename": "add_contenttype"}}, {"model": "auth.permission", "pk": 42, "fields": {"name": "Can change content type", "content_type": 11, "codename": "change_contenttype"}}, {"model": "auth.permission", "pk": 43, "fields": {"name": "Can delete content type", "content_type": 11, "codename": "delete_contenttype"}}, {"model": "auth.permission", "pk": 44, "fields": {"name": "Can view content type", "content_type": 11, "codename": "view_contenttype"}}, {"model": "auth.permission", "pk": 45, "fields": {"name": "Can add session", "content_type": 12, "codename": "add_session"}}, {"model": "auth.permission", "pk": 46, "fields": {"name": "Can change session", "content_type": 12, "codename": "change_session"}}, {"model": "auth.permission", "pk": 47, "fields": {"name": "Can delete session", "content_type": 12, "codename": "delete_session"}}, {"model": "auth.permission", "pk": 48, "fields": {"name": "Can view session", "content_type": 12, "codename": "view_session"}}, {"model": "auth.group", "pk": 1, "fields": {"name": "EstAdminUser", "permissions": [1, 2, 3, 4]}}, {"model": "auth.user", "pk": 1, "fields": {"password": "pbkdf2_sha256$600000$lQ08NQv18C9SBBV2jGQLsc$/+W4IXZiBO0eiu3HzTr5pY2xXL/Q+Td3XNNOnKNSpcI=", "last_login": "2023-12-07T11:20:55.292Z", "is_superuser": true, "username": "admin", "first_name": "", "last_name": "", "email": "", "is_staff": true, "is_active": true, "date_joined": "2023-12-05T09:18:52.782Z", "groups": [], "user_permissions": []}}, {"model": "auth.user", "pk": 2, "fields": {"password": "pbkdf2_sha256$600000$tBITIykJlyYIMCYUnoOfno$1Y5Fp+jV6YmdpJs++1gXGTKI5cqbWSypdZQYhr1drTY=", "last_login": "2023-12-09T07:15:17.424Z", "is_superuser": true, "username": "dionisiu", "first_name": "", "last_name": "", "email": "", "is_staff": true, "is_active": true, "date_joined": "2023-12-05T09:19:12.597Z", "groups": [], "user_permissions": []}}, {"model": "auth.user", "pk": 3, "fields": {"password": "pbkdf2_sha256$600000$xCsUxqrsWQUADObMuTUkCX$eYv41rthlaDil7MgF2+C+Kj23b5zlpq8yaIdNwqHTKc=", "last_login": "2023-12-09T07:00:43.507Z", "is_superuser": false, "username": "temp1", "first_name": "", "last_name": "", "email": "", "is_staff": true, "is_active": true, "date_joined": "2023-12-09T06:46:53Z", "groups": [1], "user_permissions": []}}, {"model": "auth.user", "pk": 4, "fields": {"password": "pbkdf2_sha256$600000$2xvppFiG8PAK5jqbF4SKiF$2ZP67gIe8z7y+MExHUb7HQM9JE7ONl8dsyIpcHNdFCQ=", "last_login": "2023-12-09T07:10:22.838Z", "is_superuser": false, "username": "temp2", "first_name": "", "last_name": "", "email": "", "is_staff": true, "is_active": true, "date_joined": "2023-12-09T06:48:26Z", "groups": [1], "user_permissions": []}}, {"model": "auth.user", "pk": 5, "fields": {"password": "pbkdf2_sha256$600000$Cybx1prOpcN7yu7vW5NajW$WGZGSu9DXxijvAcjroFnDgy8hCEDVNks2KEnJnZhp0A=", "last_login": "2023-12-09T07:09:59.241Z", "is_superuser": false, "username": "temp3", "first_name": "", "last_name": "", "email": "", "is_staff": true, "is_active": true, "date_joined": "2023-12-09T06:49:10Z", "groups": [1], "user_permissions": []}}, {"model": "auth.user", "pk": 6, "fields": {"password": "pbkdf2_sha256$600000$VfchyBGzYrQyrJdsGFejPX$Y8zSJ3mXjvyr+37uzHLrZHyhjrzJ3g2PX8AXTLsKrLQ=", "last_login": "2023-12-09T07:08:49.613Z", "is_superuser": false, "username": "temp4", "first_name": "", "last_name": "", "email": "", "is_staff": true, "is_active": true, "date_joined": "2023-12-09T06:49:43Z", "groups": [1], "user_permissions": []}}, {"model": "contenttypes.contenttype", "pk": 1, "fields": {"app_label": "api", "model": "establishment"}}, {"model": "contenttypes.contenttype", "pk": 2, "fields": {"app_label": "api", "model": "faq"}}, {"model": "contenttypes.contenttype", "pk": 3, "fields": {"app_label": "api", "model": "specialtygroup"}}, {"model": "contenttypes.contenttype", "pk": 4, "fields": {"app_label": "api", "model": "specialty"}}, {"model": "contenttypes.contenttype", "pk": 5, "fields": {"app_label": "api", "model": "gallery"}}, {"model": "contenttypes.contenttype", "pk": 6, "fields": {"app_label": "api", "model": "event"}}, {"model": "contenttypes.contenttype", "pk": 7, "fields": {"app_label": "admin", "model": "logentry"}}, {"model": "contenttypes.contenttype", "pk": 8, "fields": {"app_label": "auth", "model": "permission"}}, {"model": "contenttypes.contenttype", "pk": 9, "fields": {"app_label": "auth", "model": "group"}}, {"model": "contenttypes.contenttype", "pk": 10, "fields": {"app_label": "auth", "model": "user"}}, {"model": "contenttypes.contenttype", "pk": 11, "fields": {"app_label": "contenttypes", "model": "contenttype"}}, {"model": "contenttypes.contenttype", "pk": 12, "fields": {"app_label": "sessions", "model": "session"}}, {"model": "sessions.session", "pk": "2ib7ahkb8o0yq0fc6l3ou824bxi6vlrr", "fields": {"session_data": ".eJxVjEEOwiAQRe_C2hAGioBL9z1DMwOMVA0kpV0Z765NutDtf-_9l5hwW8u09bxMcxIXAeL0uxHGR647SHestyZjq-syk9wVedAux5by83q4fwcFe_nWegB2Vp8tGE4GMDArooyKtQcy4JkjqeA0BCSnBheUiz6CJg_JaiveH9dHN2I:1rBCR5:f681ZIGCgsHdtOzvOcoFmQwra7pAHl0kD8VFzzCWFFc", "expire_date": "2023-12-21T11:20:55.378Z"}}, {"model": "sessions.session", "pk": "abum9uy5x9i0f9z1qmi0qbcswmgmg4gc", "fields": {"session_data": ".eJxVjMsOwiAQRf-FtSEFBqa4dO83kJmBStXQpI-V8d-1SRe6veec-1KJtrWmbSlzGrM6K6tOvxuTPErbQb5Tu01aprbOI-td0Qdd9HXK5Xk53L-DSkv91iYEQt-zgY7Zdb2AYIjOC-JQPAhEMk4AiQk6j85DRGvLwBaIMaB6fwDDJDcU:1rBrYT:gw4VKrzqtx6_rSmOJnoiGzAlDdX2M-EWOCDhMx3zqSI", "expire_date": "2023-12-23T07:15:17.507Z"}}, {"model": "sessions.session", "pk": "aujyd6rx4jowiu05e7qlqa5nmo8s791l", "fields": {"session_data": ".eJxVjEEOwiAQRe_C2hAKDC0u3XsGMjCDVA0kpV0Z765NutDtf-_9lwi4rSVsnZcwkzgLEKffLWJ6cN0B3bHemkytrssc5a7Ig3Z5bcTPy-H-HRTs5Vtb0l6hNgDWZEdANucpTiqrQQPkgdOYfRxGILKe1cgIWgGS42jJGifeH9qbN9c:1rBrTL:D1dtU891jKY88Fb3pfsE55b5Z7_d0EAdCtCuQSUm7sE", "expire_date": "2023-12-23T07:09:59.326Z"}}, {"model": "sessions.session", "pk": "ggej6dbgysioqyfw0sdjcwi44adk1rk4", "fields": {"session_data": ".eJxVjMsOwiAQRf-FtSHC8HTpvt9ABgakaiAp7cr479qkC93ec859sYDbWsM28hJmYhdm2Ol3i5geue2A7thunafe1mWOfFf4QQefOuXn9XD_DiqO-q0lOm-RCggwLqLEKMAXbSFjAUOIAhTqSKnIRGStVkk5r-1ZalfIJ_b-APpKOGw:1rBrLN:LDroKitz9wCXzocY9sSic3f6dMp0csIjOl4esNKaQ7Q", "expire_date": "2023-12-23T07:01:45.901Z"}}, {"model": "sessions.session", "pk": "ixpk2kuw515og8bniafeqt9bgpq7d05k", "fields": {"session_data": ".eJxVjEEOwiAQRe_C2hAGYUpcuvcMZJgBqRqalHZlvLsh6UK3_7333yrSvtW497zGWdRFndXpd0vEz9wGkAe1-6J5ads6Jz0UfdCub4vk1_Vw_w4q9TpqlpIcIrAENt5JMmytJyxMAlNBSxgyZDCYS3ABaLJiDCVB8CZ49fkCC3I4Sg:1rBrKN:ChPCN4ofla7VKfFicHNAj4wwMYmMmYmx5dPhtunluVo", "expire_date": "2023-12-23T07:00:43.592Z"}}, {"model": "sessions.session", "pk": "j1296g7xhkn9babswoi8p1et57sejuik", "fields": {"session_data": ".eJxVjMsOwiAQRf-FtSHC8HTpvt9ABgakaiAp7cr479qkC93ec859sYDbWsM28hJmYhdm2Ol3i5geue2A7thunafe1mWOfFf4QQefOuXn9XD_DiqO-q0lOm-RCggwLqLEKMAXbSFjAUOIAhTqSKnIRGStVkk5r-1ZalfIJ_b-APpKOGw:1rBrLL:HZHgdIAWLgmWqzvPwNfOJgl1xjP3LvevJNJDXzJLU3Y", "expire_date": "2023-12-23T07:01:43.364Z"}}, {"model": "sessions.session", "pk": "muxfgn8fg74u634ss8f4nybzdldz14vn", "fields": {"session_data": ".eJxVjMsOwiAQRf-FtSHC8HTpvt9ABgakaiAp7cr479qkC93ec859sYDbWsM28hJmYhdm2Ol3i5geue2A7thunafe1mWOfFf4QQefOuXn9XD_DiqO-q0lOm-RCggwLqLEKMAXbSFjAUOIAhTqSKnIRGStVkk5r-1ZalfIJ_b-APpKOGw:1rBrSD:ZXasRloZi3zNXDHp6wnNr0Zq5qEOay6a61js9tRZdVg", "expire_date": "2023-12-23T07:08:49.697Z"}}, {"model": "sessions.session", "pk": "nlr07ay69jg175xo84zsb6b2w43vdyv4", "fields": {"session_data": ".eJxVjMsOwiAQRf-FtSEFBqa4dO83kJmBStXQpI-V8d-1SRe6veec-1KJtrWmbSlzGrM6K6tOvxuTPErbQb5Tu01aprbOI-td0Qdd9HXK5Xk53L-DSkv91iYEQt-zgY7Zdb2AYIjOC-JQPAhEMk4AiQk6j85DRGvLwBaIMaB6fwDDJDcU:1rARc5:rs7OyaNE4K56DMgqAXvnAjCjhU1lmW_2cRSDPuiiBQc", "expire_date": "2023-12-19T09:21:09.574Z"}}, {"model": "sessions.session", "pk": "p7bwzifdobu9fxnrr2sm1zr19ncm2s1f", "fields": {"session_data": ".eJxVjDkOwjAQRe_iGlleJl4o6TmD5WUGB5AtxUmFuDtESgHtf-_9FwtxW2vYBi5hLuzMgJ1-txTzA9sOyj22W-e5t3WZE98VftDBr73g83K4fwc1jvqtyYNSpETO5AqBTCkSmilNViDmaLxW3ikJZDKSFgassRrAFtQOpTDs_QH8mjfi:1rBrTi:r2huw3Aj9Ga59qyDHfzIOM3UkJ0Qwb63K05l8n9HYIU", "expire_date": "2023-12-23T07:10:22.923Z"}}]